X_true_mm,Y_true_mm,Z_true_mm,X_pred_mm,Y_pred_mm,Z_pred_mm,pos_err_mm,ang_err_deg
68.48084,-243.49617,493.18433,69.021805,-245.25546,493.59818,1.0891925,1.5618802
-115.10664,163.88147,218.01237,-116.39466,162.83733,215.2457,1.8622326,9.265704
-229.51324,-1.8783448,475.37183,-229.23091,-2.7740207,472.72992,1.618808,4.008371
-241.73619,-32.04097,283.85315,-240.55246,-32.57871,283.49966,0.777889,1.2224321
156.63512,50.897358,223.36612,162.66557,44.74105,228.07356,5.6694074,13.087143
206.37779,175.01411,387.39374,206.44751,172.97992,385.44034,1.6287602,2.98065
53.31789,-104.369644,468.87094,50.587082,-103.0744,469.88397,1.8403983,0.95515597
114.748276,-116.241516,309.9247,111.1468,-112.99549,314.84125,3.9866292,9.464215
21.812494,-225.2529,303.98627,27.048168,-225.9041,305.91104,3.2424836,1.7259222
217.53621,-116.80045,278.71085,215.72272,-119.354454,277.77118,1.8880895,3.1692395
157.92679,-216.89407,293.37415,157.65715,-216.99554,294.0177,0.40708873,15.689256
-248.63075,-229.22076,220.25952,-249.9915,-227.11752,221.63712,1.6505579,8.450641
178.70213,26.365282,351.58133,176.50896,27.883694,352.07217,1.5659422,2.8883018
-233.20721,-158.08257,302.47043,-234.89291,-157.44643,299.91528,1.8050874,2.9734542
114.82772,-212.87114,249.84268,111.45231,-211.26476,251.86586,2.454053,2.598934
-162.17218,208.35736,416.71106,-158.53311,209.09653,418.98203,2.513064,1.2122505
181.58945,-175.63306,467.97116,181.61493,-176.09071,466.6611,0.8013224,2.2041054
20.730612,-202.58461,442.14633,19.639988,-201.01367,440.76364,1.3624904,0.84996694
-100.14405,235.33904,240.66396,-100.57257,237.90512,238.63518,1.9047631,11.776149
-38.65639,83.48348,474.062,-38.222095,85.396614,473.08853,1.2644299,1.3098224
-235.84016,112.87702,322.64243,-233.03102,113.477516,322.83667,1.6622885,1.3898928
-187.85835,31.602,474.37613,-187.79778,31.991814,473.76672,0.41912606,4.0023365
85.31221,-214.80515,225.09099,85.21228,-213.12158,229.64668,2.804682,5.6025233
73.59476,170.93863,495.13696,72.040054,172.35095,497.00214,1.6217921,64.67491
57.69256,-40.9855,229.02185,57.58436,-33.965565,226.17165,4.374733,4.230179
-58.16122,-53.766087,423.62744,-58.137535,-52.861485,422.42538,0.86867845,1.275614
248.60497,-182.34538,414.32388,248.79805,-179.94913,416.78232,1.9852141,2.132355
240.41768,-193.39006,427.15024,241.5552,-191.92505,426.6956,1.1025629,2.9411016
92.770996,11.122966,273.3992,94.73443,10.841537,271.57782,1.554745,4.77547
75.22964,34.37179,424.3789,76.686134,34.657814,423.78812,0.92235667,6.4169316
94.223366,9.342771,353.87036,94.71592,11.492987,353.11993,1.3452607,2.1250765
-55.539288,56.56234,214.11482,-51.588226,52.743843,214.3353,3.1749232,2.486348
-182.45175,188.82173,229.25873,-183.96574,187.85289,228.78026,1.0738963,6.805649
110.74417,2.1024225,284.07117,109.32339,3.684279,282.05246,1.692737,0.621102
12.677161,-60.42616,454.23468,12.37145,-60.194717,455.8225,0.94308484,3.1304965
-94.87906,-121.713646,327.67484,-95.62048,-122.207954,327.89267,0.5296235,2.2795708
-7.0823207,-96.576675,282.2132,-6.7552943,-100.07909,284.33813,2.3727055,5.179775
194.74391,30.403526,360.47046,195.12025,33.6152,359.88605,1.8971925,1.7793994
217.02176,147.68617,299.06567,217.92159,145.45108,297.5282,1.6501672,5.4100833
-71.1024,-29.439486,292.42294,-69.66723,-33.181614,290.4071,2.5901642,0.84881276
35.764915,-229.61884,259.46063,41.19296,-231.11064,262.22296,3.6202948,2.5469904
-89.06531,-155.92274,305.38898,-87.88523,-152.60959,308.23547,2.6122868,1.050821
47.150017,-204.67389,249.70805,47.23634,-204.80424,246.34715,1.9425155,1.8762536
-81.04439,-83.32829,372.23126,-79.984245,-82.0754,372.3241,0.9490798,1.478672
-54.190502,92.18833,313.05148,-51.541023,94.28887,312.47647,1.9801217,6.3027887
195.13718,45.357365,211.82742,190.16888,41.74091,211.55559,3.5513647,3.6859925
-136.4212,81.06379,264.83615,-132.87611,82.74744,265.09674,2.2708468,1.194789
61.593575,-22.702435,343.52383,60.15759,-23.549833,341.7167,1.4196073,1.0022095
-207.99232,-195.10973,283.40845,-208.66786,-196.68204,282.2084,1.2067333,7.5477724
166.32207,-101.87202,464.7003,165.7876,-100.16464,463.3275,1.3019587,6.6823187
143.54916,5.48024,217.47147,138.52374,5.716663,214.81862,3.283715,4.9582844
-130.31528,-1.4175174,394.378,-133.60275,-3.1837044,394.16434,2.1581287,3.1157038
188.24213,-128.16931,458.29565,187.24385,-130.85893,457.39246,1.7365083,0.6748921
-220.71599,162.65077,476.24274,-217.70372,160.79825,477.10068,2.1009257,0.8039381
-81.94147,-33.343334,345.2613,-81.90398,-36.400753,343.81906,1.9518574,1.6953593
-174.86028,172.72806,320.93103,-173.48271,172.83876,319.44104,1.1733154,2.38621
-24.830317,-117.253685,210.69536,-28.85139,-115.25724,209.13405,2.7442377,13.361325
148.16214,220.9698,339.39383,149.60193,220.88757,336.20862,2.0186896,2.6616523
-134.6789,-194.07132,394.97095,-138.32579,-190.41606,397.4606,3.309539,2.3720086
-223.98935,134.59125,301.46658,-222.98695,135.83157,300.75174,1.008994,4.187433
-47.72408,-239.90677,248.5223,-45.5297,-236.509,247.76048,2.376304,18.255455
-150.74348,-131.83966,341.1868,-150.03035,-132.49976,342.03357,0.7441569,2.5620654
-204.62347,185.27666,248.6956,-205.52888,181.55951,250.44269,2.4282548,3.8519735
40.16619,-74.9475,367.3803,40.975952,-75.174286,369.81784,1.4887018,2.3821824
-100.65193,216.23975,337.09882,-99.13196,217.17131,336.9719,1.0318658,0.49592295
85.99744,214.70851,498.44217,86.46783,214.45024,498.47165,0.31029,0.93931717
-150.24228,150.09628,248.86864,-152.92838,149.40663,251.87173,2.3600373,5.247001
221.05655,-51.947277,390.56378,221.24623,-51.543934,391.13364,0.41769186,3.5424056
-67.444916,179.13425,259.82462,-69.26894,180.72783,264.71637,3.151499,2.0426624
-197.25237,-21.447832,325.5414,-198.47658,-24.248491,326.22333,1.8080742,3.0169015
64.55407,-186.91391,424.23135,64.63805,-185.9271,425.7276,1.0359555,1.5349648
213.57727,175.97919,349.14804,213.88457,175.94083,346.2851,1.6625643,5.0257096
-29.811422,158.12335,308.20975,-29.787136,154.96077,304.4878,2.8198972,4.0444617
227.29524,-182.21729,466.74,226.88437,-182.9365,466.6563,0.480652,1.9002414
-0.052093156,183.26326,461.63885,-0.035852194,181.4249,461.87082,1.0698367,1.8227496
-37.38569,9.481527,314.75873,-36.985756,12.068242,313.4768,1.6826925,2.983974
60.106724,121.79538,228.39891,61.264057,121.45782,227.53923,0.8548721,2.6969938
247.54825,-115.91199,302.8599,251.21877,-110.24205,305.7312,4.237345,3.3265784
224.47183,-142.26926,255.98532,224.63467,-140.84619,255.68268,0.8452267,9.950493
-19.97743,174.15642,423.46167,-15.061732,174.25684,422.9389,2.854672,3.2483382
128.86443,50.1069,391.56796,131.48955,49.617954,390.54504,1.6509286,0.94063896
-1.2886523,-176.14726,351.543,-2.7175033,-175.03757,348.77142,1.9109048,0.82776475
14.65608,-67.06496,204.91235,12.590017,-67.18552,205.99591,1.3487335,5.174254
142.89285,179.51791,489.82767,142.21625,177.72188,489.67844,1.1114268,1.1038605
-42.672077,-15.858209,204.04025,-38.722767,-15.090681,201.33171,2.8001397,9.463132
117.24178,-81.573555,358.23486,118.764626,-80.61676,358.3174,1.0394422,1.7308377
105.57144,-79.52306,329.49332,105.29138,-83.34554,332.40924,2.7804313,1.9651374
216.02983,162.3221,278.56827,215.9021,159.72737,277.56824,1.6071696,1.0692011
-192.53369,-22.850485,466.9991,-193.84206,-20.585722,468.1563,1.6512696,1.1898639
114.50755,224.17674,302.91812,113.850334,221.30821,303.57202,1.7404969,54.810246
213.71196,-93.899925,369.53226,213.1449,-93.33274,371.043,0.9875221,1.010733
233.9631,128.24017,239.16878,232.5522,130.67947,239.37416,1.6312592,4.7999043
-242.64685,-107.147255,215.73169,-242.96904,-106.54055,215.05875,0.55520236,3.5616672
181.82005,133.9194,452.06763,179.7763,132.77698,452.46213,1.3708475,3.4640877
240.59752,-241.20102,238.66077,241.7732,-238.68391,237.25858,1.7966793,8.24371
228.60509,-185.08951,240.57607,230.7901,-187.57536,239.47803,2.0132432,3.6292653
-175.618,-120.37155,397.05182,-175.59161,-121.88071,398.42847,1.1794639,1.9495211
236.3144,185.04599,264.47052,237.97,185.11725,264.19925,0.969477,27.439997
194.96777,-88.75081,434.26196,194.93533,-84.83358,436.51917,2.6102805,3.5273628
161.18692,-8.237229,222.39735,161.48004,-6.749759,219.23648,2.0239902,7.6540594
-10.006039,-196.47774,209.3546,-5.212307,-200.19391,209.00056,3.5078547,3.706724
-133.81354,33.33914,313.78378,-133.23044,32.819862,313.64212,0.4581573,1.416559
150.94028,-202.00273,460.0881,151.70363,-201.10876,461.78113,1.1899875,1.4352098
211.76508,-179.19884,240.33917,209.55516,-178.8544,239.32042,1.4189456,2.4585037
-116.93487,150.4862,201.58669,-108.4654,144.09486,205.76453,6.5837045,5.969747
19.467203,-128.04486,344.62567,18.250864,-129.59134,341.12027,2.3208416,2.054123
-28.623585,-219.37315,334.66605,-31.330448,-219.69905,334.30927,1.5875149,3.3882148
215.50865,50.91244,331.39005,215.57822,51.701122,329.7582,1.047178,2.517521
-229.74464,-176.74991,268.95526,-230.60703,-176.66183,267.04245,1.2124776,54.909424
116.0031,-223.59164,413.0845,113.93328,-220.93097,415.74515,2.4794059,19.309502
57.186623,165.27615,455.49774,55.973743,163.93109,454.89633,1.1018109,1.6992072
-235.8173,-51.40859,336.17264,-236.413,-51.545326,331.4196,2.7667696,0.95287067
109.609886,182.73755,477.77255,108.81184,179.86609,479.57968,2.0122857,5.3605204
-242.00414,122.01574,415.0069,-239.85895,121.08637,414.7555,1.3575414,2.197954
128.9755,-149.51799,223.03491,130.61028,-145.19283,219.16486,3.4812305,3.1252878
6.3793616,-207.59435,482.13132,3.2365165,-204.68149,482.9565,2.519468,4.0157475
214.55211,-164.32138,317.86694,214.075,-163.99388,323.2716,3.13822,1.4400192
-216.95874,-2.7099178,388.47968,-217.20842,-4.5363116,387.08936,1.3330472,3.6840477
170.65863,-71.12593,252.64243,171.84732,-72.26918,249.07677,2.2681801,62.587425
-216.655,165.99103,356.3714,-217.26985,167.08473,355.76566,0.80439585,1.9511021
-77.84501,-15.379579,266.14285,-76.94897,-16.010317,264.43585,1.171121,5.1581244
-34.850636,27.374851,396.4408,-36.219692,24.032492,397.48618,2.1709063,2.4628375
233.03104,-56.273876,291.75827,235.727,-57.27895,290.28964,1.8650547,7.1730313
31.115921,127.450165,499.04688,30.906794,129.35443,498.3202,1.1829392,1.3728461
-120.5677,94.469894,232.66779,-119.24656,98.47115,233.44046,2.4733596,9.240706
-129.16216,92.88616,369.20215,-128.0491,95.23647,367.70297,1.733049,13.646336
194.05916,135.79718,255.07054,194.37466,137.1592,257.15497,1.4490759,3.0915914
-137.06529,-50.696934,288.63254,-131.96553,-47.86985,289.1794,3.3812742,3.8005474
-187.72266,-190.45708,458.10837,-186.72156,-190.78905,460.47192,1.4943001,2.9755144
-105.83462,158.96672,350.38278,-104.490456,157.64752,347.14413,2.1630144,3.3418407
43.06153,-77.23876,226.70349,45.64378,-79.48314,222.4972,3.1303985,12.945323
27.045252,95.8813,418.58362,25.520327,94.350006,418.64435,1.2481923,1.0585468
154.8554,244.23296,333.22968,152.11526,241.99803,335.2028,2.3378313,1.7617382
30.237976,100.88087,224.8057,27.779095,102.44274,229.88089,3.3785183,1.8154773
-105.78939,203.34286,345.3671,-104.362366,203.3389,344.82385,0.88157606,2.5516276
-43.55183,-243.32253,333.65836,-46.567924,-240.13167,332.85144,2.5774343,3.7351546
159.06049,51.858734,375.1363,160.28679,49.74691,376.39194,1.5853777,2.3071578
63.25323,-201.33865,330.31335,65.17037,-201.80971,330.49255,1.1444699,3.1417363
229.53883,186.2523,380.2705,230.21158,188.04965,379.59268,1.1750877,1.3305274
-65.2978,230.12387,411.15195,-65.48256,231.36293,412.09515,0.90536255,5.3452377
26.305756,-232.9232,496.83865,25.592844,-235.06046,495.34875,1.5594754,3.215209
46.9621,-183.36932,367.2875,42.86345,-183.38737,366.5824,2.4011421,1.089253
174.14561,166.38052,332.1852,176.55598,167.26694,331.44595,1.5429533,0.9779302
-177.26323,93.443214,413.61395,-175.90097,93.65034,414.05115,0.83462334,0.6012462
-46.74483,240.82889,474.15768,-45.28556,240.76791,475.0805,0.99746126,0.92656857
204.97948,128.2546,206.90247,202.82909,129.47717,205.33484,1.6907923,3.848968
-228.46655,47.09504,210.81813,-228.80865,42.68811,214.15294,3.1968215,6.071635
161.35313,19.621628,493.197,161.18333,19.927341,494.03827,0.5260043,1.3644458
-42.30798,-245.06631,363.80255,-41.1442,-245.16708,362.3357,1.082622,2.6642282
164.902,141.90735,215.533,166.53009,143.76164,215.43875,1.4257151,16.076046
-245.02272,-57.999107,398.11188,-243.69514,-56.607372,400.00812,1.5593921,1.1472875
-67.47692,-196.6734,228.95831,-70.263,-200.18703,231.42415,2.9545531,1.6451471
-210.68498,23.417398,231.84314,-208.23291,22.189653,233.48483,1.8452797,6.498995
76.30729,-65.01863,320.81995,78.44059,-65.876274,319.96603,1.4160615,2.8598125
-113.07545,52.928978,399.11078,-113.33996,52.659084,400.18008,0.6547831,2.6192846
101.326035,-241.66394,446.03616,96.144554,-238.9289,448.73022,3.7231789,3.2420187
221.90071,-167.51193,456.16086,222.71696,-165.08589,456.5988,1.4993024,3.2598116
-186.59145,19.915464,316.03375,-187.69641,19.335629,316.6879,0.81344175,0.8240965
182.38916,54.95371,494.05457,180.4659,54.447136,495.15402,1.3120421,1.2681055
-220.26793,-208.89293,241.83963,-222.30817,-210.33165,241.82327,1.4413829,0.42852622
-59.614742,68.188934,401.21408,-55.734417,68.46972,401.49356,2.251953,1.1115811
-35.11297,170.61058,269.48868,-33.767117,170.59676,267.65646,1.3125697,2.7987642
-5.575227,-106.60819,412.46973,-5.0842204,-105.40724,413.8946,1.1125964,5.4849424
238.23117,10.66539,340.80197,240.141,8.084074,337.73782,2.5625293,1.7220042
137.8456,203.05965,209.08795,137.64789,203.05782,207.2273,1.0802987,2.9765968
-95.57132,101.47984,213.39738,-100.62945,105.18444,211.71942,3.7471886,4.9947867
-115.08161,-146.63884,288.7708,-113.86003,-144.42007,290.07816,1.6456329,1.5761299
181.5601,233.24634,229.22487,181.77232,236.49873,231.09386,2.169196,5.6736126
190.6536,-78.96248,406.4227,188.24265,-79.546524,408.75204,1.9646577,0.45745593
5.353253,162.10123,338.22598,3.436966,161.7493,340.90515,1.912586,2.494448
-77.852135,-23.741262,393.20477,-80.442726,-22.603622,392.15457,1.742442,1.6271346
247.45868,144.88379,399.98038,248.24464,143.93393,403.83926,2.338873,4.0492554
-92.02823,210.46133,214.24905,-92.66606,210.0711,214.78058,0.5296625,1.9646275
-158.64381,201.36166,324.3755,-160.87918,202.01718,324.4872,1.3464831,2.4402535
190.04907,152.30124,404.86496,189.20644,152.08264,405.3114,0.56483936,2.8322906
156.1677,-88.51384,470.9347,155.50476,-88.44073,471.7755,0.61962485,1.7935307
83.9447,206.31483,483.79962,84.55396,207.2721,481.41162,1.5264437,0.40177077
229.20682,-173.33011,314.81207,231.6084,-172.76994,312.9484,1.7846261,15.017999
212.85728,-119.90251,372.90408,212.50139,-121.26833,374.07547,1.058974,0.8704435
124.12425,73.17661,480.20566,125.67975,74.09102,478.4517,1.4528257,26.97218
180.35071,124.09056,213.55344,175.79385,127.92023,214.47754,3.4777977,9.884579
-126.426636,-224.83186,492.85645,-131.59285,-225.35867,490.34192,3.331173,3.1943333
-179.37672,-115.56792,336.43677,-180.437,-119.91042,335.52567,2.6338594,1.7135843
85.03093,-65.48339,454.80447,84.25529,-65.4877,456.381,1.0144148,0.5986392
107.309265,173.62326,250.34932,112.09078,172.65771,248.0655,3.1097152,3.9011025
-166.47354,-249.04132,480.75302,-164.14824,-249.93137,482.85248,1.8803307,2.0718758
-52.221367,194.99779,432.33685,-53.22872,195.19647,433.93927,1.0987841,1.4515824
205.12788,-82.63472,395.87875,203.84836,-83.784386,396.15063,1.005458,1.6127112
30.700384,58.286777,251.91873,32.708275,58.06813,248.8724,2.1102552,3.6997416
39.16796,217.8804,331.4817,42.526955,215.10379,332.20706,2.5507238,3.150884
-152.93512,-219.20073,375.70685,-154.86919,-217.79817,374.42987,1.5640175,4.1209016
13.011124,22.626728,320.58484,12.710476,21.281992,324.6709,2.4896176,6.741986
11.717363,-138.89125,467.86105,15.067462,-138.50508,466.45563,2.1093056,2.6356363
-205.53218,101.12374,365.23615,-204.88359,100.478584,365.54047,0.5566291,1.7607795
240.97134,158.90916,226.71599,239.19293,157.38991,230.7192,2.6768472,6.3732014
35.6978,-126.87528,462.60095,36.38438,-126.75625,462.94543,0.4487873,1.9369898
-246.79556,179.94728,293.39224,-248.4944,179.403,289.7948,2.3183243,4.069163
136.3246,-161.29327,251.47125,135.51263,-157.00795,249.1753,2.8457406,2.7668326
239.13286,-9.963865,392.86404,237.11255,-9.39196,392.00665,1.3094332,1.3287723
44.935013,-184.3587,442.3921,47.127705,-183.98038,440.67993,1.620958,4.138399
-90.15919,-96.241646,287.09134,-89.4433,-95.25066,283.98273,1.9285583,4.431538
-156.24614,-62.936558,346.21536,-155.26056,-63.48846,344.75272,1.0669739,0.9771102
86.26331,97.63346,490.3944,85.54052,95.33763,492.2437,1.7524451,3.9746885
-152.4463,-91.574936,332.58847,-150.9051,-89.993286,334.84537,1.8230463,9.167579
38.843945,14.827662,311.91608,38.371204,14.07812,314.1273,1.3753492,3.3328965
51.119587,75.66011,365.12656,52.335922,76.10005,364.227,0.90962267,2.9574363
231.21155,142.86766,412.12408,228.05182,144.12547,413.14963,2.0508306,4.0847654
-213.86737,-103.23078,392.96915,-216.31229,-104.483765,391.83588,1.7157973,5.1401887
-0.013588171,-221.82529,209.95885,0.85533595,-220.64581,212.44267,1.6648902,4.2908845
122.048744,-131.47395,481.89932,125.5742,-132.7563,481.3176,2.1917791,2.278106
-161.38663,22.97349,337.55597,-159.27655,21.445831,338.41,1.5827761,3.383233
-55.966633,188.83864,411.2663,-54.924564,190.69373,409.33194,1.66022,1.8844516
-218.55225,78.77243,379.59857,-217.69891,78.63055,379.27118,0.5340079,0.725089
112.94043,53.639404,249.26877,108.36329,57.092823,245.77754,3.8757787,3.07639
-206.11604,-234.11378,498.42236,-205.72495,-232.34804,498.9102,1.0814793,1.1369274
-52.454147,-0.9815904,436.1353,-55.63739,0.17209339,436.53214,1.9682045,1.3013376
186.76132,-84.5491,401.81735,186.62407,-86.595345,401.29327,1.2221023,1.8901936
-13.849832,-76.29179,280.9088,-10.439865,-77.056,274.1394,4.398363,2.150421
206.31097,229.69403,257.44147,208.03838,230.1743,252.2955,3.1461902,2.5400562
132.95856,-168.2663,226.8922,132.13805,-165.79202,227.5978,1.559181,3.337083
207.66199,-205.81613,367.2911,206.99521,-208.35274,370.5459,2.4133399,6.4815545
-186.2985,-97.45542,263.33032,-184.39166,-97.33748,265.99274,1.8919444,7.6790457
-213.21854,71.349174,326.27417,-215.01341,71.20168,325.27557,1.1889111,4.5857186
-214.83688,-115.19571,428.31454,-214.07028,-116.0278,427.9723,0.68244505,0.77107763
184.42714,102.91043,381.97073,185.95563,103.15371,382.65674,0.97742224,2.2484396
67.03499,97.54594,295.25305,67.06445,97.90717,291.31,2.2861202,3.592284
-1.714153,-30.902962,227.85197,-2.7050414,-29.110998,227.19362,1.24183,5.481181
-168.2283,167.34966,292.4529,-165.93724,164.61243,296.5536,3.1388395,1.2070065
86.86672,-88.10822,259.19122,86.42204,-88.09762,254.5212,2.7084448,5.628249
-90.9913,61.596897,363.57983,-97.37249,61.493847,365.67212,3.877621,15.297045
105.43993,20.011486,326.72104,107.1513,18.754045,326.92627,1.231807,1.9916633
-19.822334,-214.15294,307.64072,-20.625439,-210.05336,307.8566,2.4151003,1.7546923
3.7349303,-76.387115,315.91098,-0.44384414,-75.12882,315.27136,2.5465379,4.5518155
144.83287,31.569277,322.39764,147.11536,29.592875,320.71564,1.9954159,2.740718
-203.62726,238.02872,327.86423,-204.80891,236.88184,332.77756,2.9917922,2.2555833
39.37925,141.82582,298.13995,37.30808,143.21863,301.48395,2.4091463,1.8101016
-151.38252,-9.546501,427.90555,-152.03209,-9.088593,427.31577,0.5713904,1.6115065
154.06837,-151.76477,358.75162,156.7553,-154.29968,357.34158,2.282799,1.1116157
-5.576982,-115.01876,203.38766,-6.505983,-111.10757,205.99644,2.7668402,35.577896
244.34766,-228.788,323.1969,244.45094,-232.14897,321.5493,2.1619024,4.1854067
-158.52834,40.790405,267.5003,-158.06021,38.75767,268.79404,1.4171438,4.538023
231.50957,-37.884888,378.63367,230.97125,-38.671806,377.41638,0.89271253,2.3537374
150.45851,79.27138,451.8138,148.0377,80.26573,450.3818,1.7223713,1.5754561
-9.369751,15.731266,423.01004,-11.426617,17.425785,425.36777,2.0543425,3.5883129
156.76703,-41.607933,236.90215,158.6377,-43.920925,237.10371,1.7214293,4.572479
51.42445,-73.987015,350.15057,51.654762,-72.931786,350.0524,0.6261498,1.9773759
77.56053,-229.68889,339.6544,77.82566,-234.0731,336.16803,3.2376094,2.8974178
206.84538,241.48354,331.87607,208.39792,241.28188,331.8333,0.9042239,1.7988322
-217.36479,-212.40137,310.71774,-217.3848,-210.90877,307.8776,1.8524488,3.4112537
167.49411,-237.26695,406.0089,168.12396,-238.58998,405.0461,1.0122747,1.1856766
-59.09261,-142.34854,236.50642,-59.41862,-140.19553,237.2232,1.3235726,2.7687643
-87.227196,-181.90688,214.96695,-87.33152,-178.3063,210.40364,3.356525,1.7356541
247.0134,147.21643,393.04248,245.01428,146.69963,393.66562,1.2452368,1.2554591
140.59526,-174.18517,260.16074,140.9431,-175.3798,260.82327,0.8138621,7.875929
-7.2324305,-80.02496,307.59238,-5.6323223,-83.45243,306.10104,2.3474774,6.8264356
-38.685802,-243.37581,476.61786,-39.378963,-242.59329,479.26694,1.6442243,1.3120694
188.76445,215.78455,242.56937,187.67633,215.70465,240.74387,1.227849,7.8396072
-206.59256,-89.479805,454.9371,-206.94333,-89.08187,454.24176,0.5049397,1.7201495
104.20938,171.4392,321.72607,106.69469,170.73705,321.7746,1.4913207,4.3652487
144.57732,230.96742,257.523,143.50043,227.97964,255.10237,2.3055005,17.469109
149.59819,113.72601,495.46524,151.74525,113.571526,494.10132,1.4712846,1.2092061
-88.856636,-119.62907,382.2992,-87.17027,-119.33844,383.69922,1.2764995,3.55302
148.31958,-3.9272625,266.67117,148.85637,-5.0847254,268.67572,1.3718687,8.382947
-137.33578,141.32596,429.0246,-137.35875,141.3233,429.39163,0.21232761,1.3971126
-68.84602,99.32308,311.1601,-67.19303,99.08444,314.2416,2.023615,1.8769373
-41.275944,163.78584,359.6775,-42.464214,163.16191,361.09488,1.1269826,3.0485477
20.704992,22.28712,306.96945,17.930937,20.284128,307.73517,2.0243258,3.8521805
-193.69316,78.751305,249.05388,-191.47676,82.70589,245.50565,3.3237083,2.331659
-46.5261,-68.401886,448.3843,-49.180054,-69.085106,448.41565,1.5823233,1.2912948
-249.84966,-154.29686,411.99542,-249.34769,-156.3946,413.14062,1.4099654,1.247177
122.19036,98.62013,278.17868,120.03163,101.86632,277.8406,2.2592127,1.5280051
175.93796,-248.55884,358.30624,178.21535,-245.87297,357.3615,2.1049867,6.628851
-180.53415,141.94048,203.82016,-179.88393,147.14438,200.03029,3.7357073,8.285941
101.89288,-246.38338,453.4486,97.850914,-248.54797,454.56604,2.7246802,2.5950737
160.55154,58.40046,266.6999,159.56285,53.624084,269.88354,3.3628821,2.5819528
240.91417,47.306927,292.30643,239.50934,42.549942,292.61038,2.8690789,3.6374447
171.89528,-197.24379,467.19373,172.25409,-199.10663,468.21326,1.2434304,2.5783389
-37.94676,46.101147,258.96216,-35.719296,48.356907,265.05212,3.9639094,7.8313465
239.84435,128.92354,402.91748,241.7074,128.98537,399.34985,2.3239872,2.199756
236.9922,17.99598,216.56026,235.56381,16.353428,215.21536,1.4772741,7.355617
1.8384895,86.38027,371.66125,1.7156154,85.53674,368.53763,1.8693745,2.4585676
126.723274,104.33586,431.04147,126.50446,103.01073,432.7679,1.2628613,0.78640205
206.91884,-147.04506,369.98184,207.25717,-146.4984,369.46527,0.476149,4.605611
-11.926464,213.30826,498.38385,-11.632525,213.47226,496.45294,1.1316217,13.661599
181.89313,-86.22927,377.24878,183.49852,-86.101234,380.51614,2.1031206,0.8678798
100.78428,41.850975,326.12985,102.87404,42.937077,326.96347,1.442409,1.6036435
-103.03787,-198.40855,288.8028,-102.3709,-200.35805,290.69815,1.6163481,22.873898
133.82614,248.2025,390.05353,129.75232,246.76936,391.39606,2.6110208,2.314683
35.342392,77.07056,416.07455,36.28343,74.329735,414.111,2.0209923,2.0592148
-203.07742,-19.107183,322.38818,-204.95093,-16.288448,322.52057,1.9555743,2.787271
-54.309784,33.05987,485.15503,-55.647568,33.93316,485.6673,0.968627,1.4210227
-213.12949,-236.40584,406.34537,-212.43275,-238.90193,408.31308,1.8786353,5.681784
-11.916518,-129.96017,382.88705,-13.477056,-129.30652,383.41656,1.0235436,0.6782667
-35.730194,237.34453,286.9046,-33.979527,238.69995,286.62424,1.2884892,23.45023
-38.13128,-209.48424,495.06543,-37.37661,-212.3454,493.58728,1.9096849,2.193246
43.150177,-179.14955,272.75797,40.373196,-178.74586,278.17172,3.5205755,1.9749835
-188.65468,36.53863,348.0736,-189.26958,33.63818,345.80377,2.1558352,2.360051
216.88445,136.98607,337.8813,215.92694,136.21521,337.63626,0.72366554,0.9344683
92.02522,176.43657,341.04797,90.66077,175.0916,341.63382,1.1567054,4.190726
161.89069,180.61415,308.2211,161.43251,179.58058,308.64224,0.6965514,2.3660078
198.40062,130.11108,413.856,196.15974,128.52184,415.03665,1.7263836,1.8666512
41.660023,-76.17113,444.48486,40.296337,-76.11304,443.7307,0.90032506,2.536322
-229.89088,40.790577,240.6708,-232.152,41.353428,241.13797,1.3720609,4.572304
105.743416,156.56155,212.24161,103.53254,156.26163,213.2248,1.4076675,2.4951477
34.512924,-180.57709,333.36215,29.06671,-180.52217,332.98532,3.1520507,63.88161
162.9786,-209.28972,499.86716,160.70447,-210.92632,499.76266,1.6187524,2.6523795
16.080236,-20.707403,400.0913,17.0882,-20.823769,397.798,1.4478462,1.0051472
156.62206,-94.829834,382.90887,159.55841,-93.30751,382.1788,1.9555612,1.4143226
248.50514,-248.13263,334.08243,247.82835,-248.20161,335.7346,1.0315742,4.3613086
-74.722595,8.431759,439.1668,-75.5379,9.24604,437.4886,1.1753314,0.24776272
-164.48929,-63.511112,219.64166,-165.83478,-62.95053,219.51743,0.84459615,3.9963388
-54.162598,191.56728,385.24567,-53.165054,194.20718,388.2735,2.3896983,1.730679
126.525,-82.91199,444.34567,126.12679,-82.74511,443.34006,0.6318439,2.1282213
-30.385534,81.33553,308.9476,-31.341604,82.48988,309.3839,0.9012881,2.8625643
44.190052,34.039192,335.13498,40.745087,32.185635,331.9324,2.9189012,3.522079
-186.32077,-100.166695,290.8088,-186.96277,-99.46805,293.1797,1.4743747,5.7371964
113.06175,-16.193972,336.8575,113.87486,-11.9095545,335.0287,2.7302005,1.0347898
-109.9588,-66.17002,397.39368,-110.76769,-66.61066,396.16577,0.886231,1.1479284
-154.69122,-131.20697,200.11343,-156.67348,-132.54321,200.99458,1.4709747,1.7201099
181.475,-205.93872,212.57808,180.4301,-203.72508,210.01071,2.04804,9.574371
32.206413,-223.93935,356.63104,32.446262,-224.01929,355.7977,0.5027854,3.6378503
-7.750529,-138.64844,259.71207,-6.272277,-138.52512,255.88191,2.3713934,14.60913
199.41188,-208.34036,266.89328,201.60208,-208.1405,265.4593,1.5158334,0.23999585
-206.99379,-174.68437,331.47513,-205.11264,-173.08038,333.9703,2.027923,5.5121446
98.077225,-187.54005,366.22873,99.74789,-187.64665,365.40097,1.0782175,2.82607
-86.00886,-63.35056,422.727,-85.80476,-65.236786,424.1322,1.3631003,1.5573237
-162.29512,-130.91309,260.0168,-158.36784,-131.78249,259.09525,2.382481,6.0263205
87.39932,-247.79556,460.29242,86.03468,-243.80656,459.9695,2.4412167,2.7896576
-68.58903,-233.54395,454.28323,-66.23218,-233.67569,456.2293,1.7662867,1.1526526
-85.05208,245.02681,373.6425,-86.55491,245.48787,373.4605,0.9136358,6.343781
221.83888,-127.42776,239.2849,222.23944,-128.94214,240.69101,1.2153121,4.240525
-150.35083,-229.5862,330.0394,-151.46341,-228.7213,329.4542,0.88097435,7.7640796
6.086829,63.004894,219.66338,4.9847803,60.34991,216.18831,2.603814,5.9658294
-237.99341,25.820524,490.02863,-237.49237,23.719381,490.1086,1.2479634,1.086734
-168.31595,-55.57424,245.94669,-169.56898,-56.98332,248.02994,1.6222963,2.6491063
191.70937,116.66592,463.49213,190.15445,116.826744,461.40775,1.5042467,1.2519839
144.62376,218.49146,357.5895,144.00742,214.32907,358.22232,2.4566765,2.103172
28.417746,-51.822376,294.84918,29.296738,-54.26901,293.56696,1.6735932,4.9612565
-138.7733,-62.337086,224.04747,-141.02385,-65.60746,224.07889,2.2921102,3.4499023
28.873793,7.091674,369.47552,27.620108,6.944488,371.17374,1.2216536,2.23051
-243.92673,-132.76196,318.01065,-244.15105,-132.49567,318.3388,0.27623603,2.6771069
106.49682,-163.01305,235.55727,104.600395,-165.77393,235.42342,1.9353546,5.813255
108.37534,-55.659492,224.33054,100.25291,-49.652107,222.01709,5.9837193,6.6187553
73.022514,88.509514,340.93698,74.009415,85.50586,343.82462,2.4721344,3.2530699
55.669342,-242.615,240.78325,56.786263,-240.81415,240.55096,1.2307932,3.6274242
-213.14178,-180.80237,280.1376,-212.16786,-180.47058,278.55862,1.0880846,1.3586178
-126.79702,154.05406,494.2147,-128.2165,152.92824,494.79782,1.0988575,42.01144
37.189026,-83.92735,412.0573,36.736973,-85.25183,411.2016,0.9470725,1.6152682
-52.906616,29.577957,416.99463,-52.910583,28.739813,418.3707,0.9302446,8.021306
246.01161,-222.25316,492.93408,245.01875,-224.24855,493.36325,1.3104126,2.1831367
211.87268,25.386755,255.39539,210.16626,23.435722,254.06265,1.6827139,7.4819818
-173.99605,-236.13095,469.67706,-175.80858,-234.35867,471.01288,1.6543516,3.9442134
44.980293,-146.37079,224.59753,45.700783,-146.15704,224.55147,0.43470842,52.013718
98.10755,-26.051601,403.36542,97.465706,-23.228447,403.4172,1.6718103,0.5979693
-181.72829,11.906151,282.86166,-180.02498,10.031783,281.7509,1.5966989,7.53282
-93.70217,-187.34581,452.25143,-94.61565,-187.2088,451.12732,0.84000844,3.5939422
107.95892,-20.481651,471.38266,107.80964,-20.98891,471.18433,0.32605428,0.8766098
200.55405,140.24176,357.57526,200.86179,140.45969,355.82843,1.0317618,2.3179548
-79.12868,102.89371,317.27902,-80.0169,102.56128,318.3268,0.81594753,7.4263453
-130.52814,-65.460175,307.0697,-129.19864,-67.13354,307.32654,1.2428024,3.60749
160.896,-1.9276594,482.17218,162.70563,-5.153466,481.8293,2.1446173,1.9341079
42.49134,149.5014,457.74277,40.458134,147.66647,457.08728,1.6258909,4.0572925
-11.705789,-118.411964,461.81793,-11.444846,-117.9875,462.05298,0.31806982,2.4886212
-121.92499,-179.88976,402.70102,-119.181274,-179.35188,403.98383,1.7760314,0.52920455
-213.67082,234.50362,205.59686,-214.13925,233.27596,206.56697,0.9429895,9.191443
-241.05429,186.50368,330.35883,-243.14081,186.73631,330.4733,1.2139162,2.8755198
39.985092,187.09393,476.47,38.49985,187.61641,474.62384,1.4008607,0.9262424
-154.44485,-11.41387,227.2821,-149.4552,-8.430853,224.8282,3.643107,6.8900704
237.7665,-232.32396,308.88248,237.41934,-236.95662,302.8763,4.3839126,11.935552
-196.2614,121.48175,472.3142,-196.4195,121.883354,472.27167,0.25039285,2.2344828
-23.955606,145.07893,284.3817,-22.752611,143.72025,280.26135,2.599398,28.254879
-52.6701,232.56538,433.90848,-49.476772,228.81995,433.17734,2.8728743,3.3108637
-133.84425,-232.10973,287.28534,-131.9526,-231.72507,287.17267,1.1163911,5.592331
124.37786,156.40584,326.47598,125.994835,157.44688,322.33658,2.6352134,0.4933641
71.85238,-81.600945,253.80316,68.31632,-80.85314,254.59653,2.136378,5.485121
112.878845,83.29485,464.4186,111.83266,85.45119,465.50732,1.519823,1.2388318
-208.5957,200.28015,480.07465,-211.71063,197.561,480.73877,2.4178228,2.108904
-73.62829,-124.19095,392.529,-73.06371,-125.77921,393.64636,1.1675967,2.9487498
9.916537,246.71411,466.48245,8.685477,249.49103,464.92383,1.971132,1.5658185
-36.63943,-231.07565,310.87717,-40.579884,-232.28293,311.28308,2.3909166,2.9436255
-229.69122,-192.64221,499.05176,-228.65382,-193.7429,497.27734,1.3461386,1.1499442
-152.98627,-9.66113,450.67938,-152.5936,-7.172838,451.28094,1.4952885,2.7288325
222.51231,109.47541,417.47623,222.23073,108.87321,415.46158,1.2248466,1.4552822
-168.71513,213.24698,220.51854,-167.84853,210.48111,221.27434,1.7293806,2.6825473
176.02617,173.63573,470.32373,174.59592,173.07536,471.8655,1.2565441,1.6033136
161.06857,235.25667,450.08893,163.21786,237.08057,448.85828,1.7758158,0.6737521
-54.353123,-29.320679,302.9783,-49.877342,-32.516293,304.10233,3.240781,3.174878
-16.60824,-46.842304,343.86276,-16.521563,-45.391464,341.50507,1.5990813,1.0520626
162.00092,44.725044,222.88846,165.74664,44.858475,219.37395,2.966483,2.2358747
90.34316,95.97449,289.70456,90.478966,95.065575,290.9924,0.91343695,1.1395305
168.47188,201.44057,318.7834,169.64081,199.43999,320.86755,1.7993028,3.8367586
128.7983,46.01171,313.57047,130.24336,46.265007,311.48352,1.4728339,3.2845867
95.63574,202.98398,431.37042,95.656624,205.22112,427.64914,2.5068681,5.1038003
206.48706,-42.160816,468.40125,205.22482,-44.07766,469.41275,1.4480648,0.3866725
161.40356,135.67921,326.20776,161.43208,139.49335,323.45746,2.714934,3.0654519
-160.46866,249.03374,248.98502,-161.23296,250.11322,247.09204,1.3332652,4.440262
124.11214,-210.61514,471.77676,123.115265,-210.97566,473.0807,0.97021425,0.78396356
-206.65933,103.62202,243.08028,-202.0287,104.50718,246.03172,3.2112973,3.428018
-37.07188,201.57993,382.47693,-37.29047,200.29659,384.95032,1.6137323,1.3107334
-51.624058,197.24545,355.30994,-50.211704,198.11076,357.1639,1.4353539,3.9559755
-148.91594,186.3793,319.97223,-151.87918,187.12906,320.251,1.7720658,1.0774531
218.95255,-110.62642,243.56949,216.55725,-109.11479,241.66061,1.9719917,2.1855242
-202.61165,-46.84955,383.50235,-199.89972,-50.183975,382.03284,2.6224945,0.9451859
-247.5503,4.048348,477.40063,-247.34799,7.257533,476.7914,1.8895279,1.2841531
-88.5396,234.8364,272.46088,-85.43311,233.24054,274.7066,2.3972406,6.0760403
245.37236,-117.21872,484.15216,245.41846,-116.438065,486.13867,1.2325819,2.9776933
-117.652435,80.24805,356.9575,-117.87223,81.24875,355.86197,0.866002,2.3543012
165.34712,129.88957,413.31644,166.78513,127.47908,412.0454,1.7789356,37.238503
-163.44318,-176.65588,355.1369,-161.57347,-173.64117,356.04794,2.1145737,1.8855338
43.18918,185.1719,249.17737,40.385307,186.92136,249.201,1.9081256,3.8859787
229.20467,2.6145115,224.51643,229.14674,-0.42687356,225.08716,1.7869066,9.686222
108.256615,228.14793,210.24554,108.039246,229.61652,215.23395,3.0048933,3.5721264
240.25398,194.84557,213.84401,241.34398,196.91792,212.76373,1.4888198,12.325135
37.278324,223.7195,334.5132,39.317146,222.75684,333.83035,1.3601242,1.9781281
241.66736,-158.59103,304.44434,241.03528,-157.75758,306.19238,1.1761281,3.8199427
168.52351,167.32452,414.89822,166.76654,164.54158,415.73706,1.9608992,1.3964512
139.12411,181.40967,320.5347,138.89458,180.00215,323.21268,1.7517,3.6370046
194.24493,223.63916,346.42914,196.15875,221.45497,349.86072,2.5954525,1.046991
65.74576,74.77352,240.5366,70.10014,73.66706,238.37607,2.8782432,7.104239
-71.817726,-65.73397,415.75177,-74.35331,-64.9215,416.25784,1.5647577,1.810884
14.14122,43.44604,291.71082,9.775877,41.223457,289.41974,3.122239,3.1377485
-136.7498,-171.05896,429.08005,-135.5907,-171.09671,429.65726,0.7479119,1.3199538
138.77205,248.09308,405.16925,140.62068,248.88875,404.40863,1.2421857,1.4390818
-164.96074,111.10999,392.94766,-166.92458,108.0121,389.6081,2.863932,47.56437
38.598972,-80.22165,204.18495,42.543312,-82.54478,202.35771,2.845672,25.075024
17.949465,209.43736,444.94232,19.580524,209.83452,440.61475,2.6799252,2.3279939
85.9514,106.195435,385.62085,86.07866,108.03076,382.77118,1.9583362,5.036966
130.2433,-83.43773,381.96906,131.00781,-81.41219,380.14066,1.6360844,0.73988307
-195.08606,214.69225,450.7227,-195.01508,213.29565,453.11606,1.6003889,1.6961147
62.47048,-87.82906,263.0667,69.13506,-89.63462,267.86478,4.8544865,19.757072
-43.02206,-90.019485,378.06616,-44.205173,-87.11264,378.61682,1.8396313,1.6937495
57.100716,-235.13765,492.17728,56.52265,-234.96402,492.7062,0.46334755,0.23514141
96.99227,100.45405,448.9356,96.31622,101.03693,450.88217,1.2363789,1.7667131
42.73979,-195.9992,475.9655,41.18453,-196.1125,477.21655,1.154235,1.1967231
116.44304,-225.66386,357.07858,114.318504,-225.20595,354.37164,2.0042336,2.375033
10.012629,78.03388,222.79654,9.460422,77.842476,223.34787,0.4638729,3.6305068
-18.566095,234.1776,398.77124,-19.084814,234.89233,398.23993,0.59503764,0.897283
-106.61556,-217.91185,448.45108,-109.26436,-215.46858,450.62192,2.428869,48.343864
-135.42416,129.92339,285.94733,-132.91493,131.8918,291.55,3.7220385,1.4830922
97.65105,-135.66975,338.13895,96.15029,-134.87544,338.4204,0.9937168,1.9355986
97.85568,180.61653,285.03665,98.572136,180.82707,285.0916,0.43230155,6.750674
-152.25874,-243.92786,254.01222,-149.99042,-244.20888,254.60703,1.3635817,2.5426319
235.91872,-152.92537,455.8274,236.55998,-154.47379,454.79562,1.1362748,0.96593803
85.575386,237.57265,403.55823,85.3266,238.73349,402.45755,0.9346911,3.952753
15.608062,37.695236,361.17,19.040241,36.055668,361.49078,2.2038553,2.4665594
170.58768,-184.14044,448.56287,170.792,-184.57588,447.80536,0.51806575,1.8999758
-6.739784,-247.64032,273.79025,-10.790081,-247.39868,274.12656,2.3506308,1.7975913
-12.027565,-45.483894,402.24777,-12.361358,-42.554985,399.3525,2.3855453,38.404724
-120.8628,-32.786777,484.91467,-120.57792,-31.493671,485.4372,0.8218495,1.4529426
-171.93227,16.4017,442.32047,-172.68205,17.584839,441.63803,0.8995769,1.4769907
105.810295,90.39896,410.42545,106.32773,91.29405,414.32825,2.331008,1.2198399
172.05548,-173.01244,457.34018,175.15186,-172.40706,456.7186,1.8565543,0.9654968
88.89939,-90.81864,301.12912,87.90007,-86.423294,303.91553,3.0595093,2.8945887
-65.58924,-223.50714,307.814,-63.892303,-222.92549,305.14627,1.8560413,6.9480195
37.861046,248.25192,202.90123,33.82033,248.58443,205.92833,2.921259,7.87572
31.706236,-38.074844,408.204,31.686493,-38.22604,405.5594,1.5294095,7.1175785
218.28304,89.24255,458.66223,219.6103,86.88202,456.72662,1.921835,1.5865473
-56.162895,-107.36839,326.04532,-57.63389,-108.34852,325.9448,1.0221826,7.9108095
-167.60867,-178.89107,465.25064,-168.37022,-177.82268,466.8271,1.1841453,7.5892687
188.46645,-153.23273,447.44357,190.9603,-155.7031,446.0301,2.1847913,1.6721274
197.36426,-242.40483,430.15018,197.99716,-243.07382,429.89667,0.5514779,3.161485
-225.8672,94.1393,309.05597,-221.91031,95.32173,310.30246,2.4905753,2.8912687
-150.88799,244.84476,436.3953,-149.25417,244.27731,436.02625,1.021038,1.0049239
68.14182,-204.19954,384.13818,68.52538,-201.37524,384.55615,1.6631756,5.5253844
144.42258,-167.38,485.92334,145.23842,-166.51247,486.47427,0.7575726,1.8392276
53.346252,150.84842,242.99512,50.69644,141.54012,238.12256,6.255873,20.13496
-154.2054,68.19448,438.70953,-155.08728,66.16035,438.09937,1.3276196,2.0128667
-191.17921,223.8999,331.68994,-191.57181,219.50189,333.35666,2.724859,13.106949
2.986317,-67.64397,276.0641,-1.1497438,-65.1654,276.27774,2.7866318,4.164887
157.7552,-35.96882,209.39124,157.25046,-35.82947,207.03867,1.3914943,2.836261
-141.46642,-106.79874,478.67456,-142.79678,-108.22034,477.1715,1.4200928,2.2927074
-212.43365,152.1946,212.61282,-213.06166,152.2352,210.38701,1.3354515,4.643755
25.5225,-156.24185,458.8956,25.708977,-155.26549,458.16446,0.71242005,0.90576494
-154.09143,-60.099556,314.45337,-154.5992,-65.162155,319.0675,3.9656014,4.2203245
-216.28813,79.69902,468.5743,-217.25888,81.93945,467.2235,1.6110609,0.92105013
136.6323,206.69206,294.10587,132.84161,204.4138,295.25763,2.638578,4.751839
160.6133,156.41481,399.40652,160.32054,154.2356,398.5663,1.3589989,1.4000173
-50.832222,-207.51869,309.50308,-49.79972,-206.76009,311.24304,1.2475312,3.045404
-102.96182,182.03975,300.5222,-104.33307,183.05676,300.75113,0.9944928,2.3753743
-111.43955,145.66283,394.01703,-109.3145,143.69391,393.51807,1.697199,1.9149375
-69.51429,-14.632816,432.66034,-68.07066,-13.007166,433.03705,1.2739316,1.7400934
38.45382,26.888296,242.38005,37.722282,28.639439,246.55852,2.6496058,2.3524673
13.910039,-28.393381,225.33208,11.1432295,-29.521093,227.27078,2.0563357,13.597537
-72.32541,-222.26883,271.26953,-70.62179,-219.48135,272.95236,2.1216555,3.1748192
68.71049,-89.85904,243.8725,66.3633,-92.57392,248.87332,3.5537834,14.901757
87.88372,206.54227,272.90054,84.24912,206.81831,275.6263,2.6278203,1.3446028
29.139475,49.319145,477.01678,29.7768,47.02658,476.0976,1.4727461,2.5180962
-56.35254,-200.90904,471.92966,-56.133957,-200.37997,471.06696,0.5977583,2.4305105
61.951393,25.720453,385.37625,60.899555,25.0832,386.76715,1.0719229,1.0686318
45.951393,59.21557,471.92654,45.370773,61.10927,470.16434,1.5306417,1.7557682
-79.83807,155.61931,287.7963,-78.75745,157.04819,287.2059,1.0890385,1.9644248
-98.39949,40.79288,228.25226,-99.4599,44.14001,223.97148,3.196498,5.1890435
22.87444,-149.3281,309.71796,24.285053,-148.60487,310.2596,0.9671732,1.1868055
56.170868,234.96422,463.88113,55.291836,238.59584,462.0542,2.4013238,20.52479
55.39922,-101.86755,208.46594,47.587708,-103.4904,204.23729,5.2132797,7.6610217
-58.580994,112.68197,462.4929,-62.48625,112.80687,463.1691,2.2893887,2.7164032
32.88695,93.86272,337.3121,30.142988,91.02964,338.194,2.333338,2.3969538
242.88481,211.63838,423.33377,242.79498,211.30594,423.82974,0.34860462,3.220821
-35.987743,132.51341,358.1416,-36.99273,133.05392,357.78937,0.68949705,1.8816484
171.50735,-56.14752,227.08134,163.08054,-52.625355,228.42476,5.329843,3.1974528
-209.33817,-225.99129,420.13074,-206.83427,-223.42331,418.53232,2.2670777,1.4557711
187.61412,78.16891,238.27856,190.70139,79.63577,237.79842,1.9927738,5.7045045
220.85307,-244.05733,483.50818,217.94078,-238.87602,487.23352,4.0499196,0.6631216
-119.067986,-223.79854,353.50314,-121.814186,-222.76729,356.15482,2.283014,2.174255
-243.9493,-238.41939,393.59824,-245.37761,-236.38821,394.0377,1.4558923,2.8538125
-8.495793,36.56524,204.35074,-7.179847,35.263702,205.69127,1.3194361,13.185664
-158.64388,143.72125,241.1709,-154.52048,142.36887,240.61473,2.525911,4.5472918
235.81563,-214.87396,445.22183,236.5344,-216.12755,443.22708,1.4221032,1.358878
198.84921,-90.35175,217.44577,198.55426,-90.433235,214.41722,1.7574363,3.0165234
230.33244,-60.410248,212.5935,231.69643,-60.390358,209.6118,1.8930935,3.089705
51.934826,199.71568,225.98102,51.899395,202.48436,219.1519,4.254553,5.0401907
7.5801835,73.16804,252.30002,4.1084776,75.71651,260.94736,5.5774517,4.2639885
166.35892,-47.624504,425.18292,164.63846,-52.54969,426.11804,3.060059,2.1921139
76.174484,211.00438,399.54492,73.08963,211.79068,399.00427,1.8643047,3.106079
-125.72115,93.565605,437.2334,-127.10266,93.50242,434.35934,1.8414435,1.949976
217.14302,86.12324,428.54456,217.69307,85.9599,430.22925,1.0275247,1.9282483
-30.150276,106.04664,219.42911,-33.968365,107.67693,216.4647,2.9452412,9.748018
136.77812,20.913944,274.16995,137.62056,17.836014,272.10083,2.1958008,0.63595486
0.4689785,-16.250732,478.61203,0.073969364,-16.294724,477.728,0.5596076,1.3506515
-158.32187,236.2458,360.6341,-157.62762,235.36745,362.0138,1.0258423,2.8842778
-102.036575,35.91351,411.1962,-104.96372,34.205498,412.73645,2.1492534,28.944717
37.205383,-46.901184,493.11002,33.288277,-45.50306,493.60687,2.4183564,2.5783665
-178.49895,-203.21198,478.07123,-177.50764,-202.3999,477.9476,0.7432869,1.532187
-243.13107,-153.87033,478.05154,-241.7019,-154.43933,480.80872,1.8228439,1.0209934
-33.05439,241.6448,323.11078,-31.604424,242.33815,323.10242,0.9279365,1.3121977
131.09859,230.8523,360.71576,132.47772,233.43536,358.3963,2.156706,2.1336606
57.078636,-248.51193,220.15579,54.504715,-250.26378,219.29266,1.865389,3.888222
-87.92681,-211.10243,214.31715,-89.43244,-211.19577,214.5524,0.8814714,4.845163
108.620476,89.44524,360.35184,108.68376,91.431366,361.07758,1.2213944,3.5214536
-7.7426834,-140.99168,269.01187,-7.54142,-145.89523,271.18222,3.0981562,5.0032697
249.75067,81.82651,305.7037,246.61565,81.20839,303.00253,2.4156973,7.132514
138.01582,-145.089,274.819,139.1158,-146.95908,275.57114,1.3257478,0.98704326
165.31572,-51.578674,340.05728,169.67249,-50.46884,339.67108,2.6052694,5.1608205
-120.22555,-87.05691,478.19418,-118.470474,-89.4265,477.33032,1.7740256,2.1413786
-173.85252,-126.75817,269.09445,-173.14435,-121.83233,268.06128,2.9344437,2.6941652
-150.34805,137.5572,224.46458,-147.84863,142.06686,227.45518,3.4413087,3.9238577
-33.86752,-98.09309,485.97842,-32.94044,-98.22257,486.02036,0.5409864,1.0382104
6.0745597,207.32758,391.13757,5.0142817,206.20078,391.29633,0.89797384,1.4426569
-152.69533,-155.63959,311.0911,-152.95442,-154.46056,307.92917,1.9540576,2.402563
139.97238,197.46806,350.8727,137.74825,196.54549,352.49933,1.6776785,2.5634038
184.21558,-173.25572,229.06752,186.12051,-173.44507,234.2425,3.185644,6.014893
-91.997505,-102.02773,293.32718,-90.51839,-102.552315,292.27893,1.089618,1.5338738
4.0320983,241.85147,211.58897,4.5346675,244.39055,211.74492,1.4970872,2.9696429
47.1873,-226.34102,245.02486,48.728428,-225.90858,237.71698,4.319226,2.2706282
111.18909,169.14723,342.30005,108.7565,167.97557,344.61444,2.0531828,1.0904553
-176.26378,-168.15831,224.75084,-176.03064,-166.09575,225.0897,1.2142683,11.822342
-109.56447,9.5478735,297.02957,-109.15905,10.815652,297.52255,0.81948286,2.2164147
115.353,229.09999,377.6539,117.581764,230.2777,376.75183,1.5457597,10.861937
34.096157,-190.53505,458.65146,35.55537,-190.97682,458.63788,0.8802747,19.857359
199.9729,-61.548244,268.55972,204.15985,-61.732285,271.39813,2.9223845,16.436932
-26.070818,4.089982,308.85306,-30.092192,2.5796483,307.8023,2.5532093,2.1930547
-46.693577,76.11626,283.17996,-43.198986,76.05776,282.86807,2.025904,2.63686
-96.74639,-81.88095,285.90115,-96.68366,-79.36622,287.19928,1.6343138,3.8599062
-134.31372,-125.626625,488.04456,-136.09836,-124.88342,487.3441,1.1871449,2.0756974
75.38316,203.91016,329.92538,72.197365,204.52165,330.56558,1.9090219,3.953409
-117.657,-245.96594,442.82758,-113.443405,-244.14409,444.78928,2.882232,1.3319199
181.13776,240.61159,244.92842,182.22108,242.01846,243.03973,1.4966673,4.744926
-114.675804,-175.348,338.41794,-113.83387,-176.85175,337.2212,1.2113746,2.4435782
86.67982,-134.48492,340.27274,88.57955,-132.44083,343.59482,2.504899,6.0766683
34.09207,115.81562,386.69873,35.61816,117.22123,387.5133,1.2868847,1.1518552
64.2294,126.5306,401.82114,62.26413,127.798096,402.98657,1.5085393,1.9117604
197.70839,6.509555,317.70392,195.8068,6.7243953,318.30292,1.157731,3.9435873
-165.00577,-239.22626,259.48593,-164.10114,-239.674,257.16364,1.4619496,1.323532
-175.09222,-138.66983,483.4218,-174.23277,-141.29535,484.138,1.6477185,1.6928617
-189.04889,-146.00682,311.12906,-189.25116,-146.92348,314.33926,1.9310265,0.72214985
-211.78049,196.15865,237.48454,-214.66853,197.01279,236.65152,1.8040968,20.009613
17.11551,-20.58264,362.51404,15.713129,-21.94285,363.19196,1.1939318,3.9038079
-167.13441,133.72153,262.06918,-167.39217,131.33327,260.8498,1.555328,3.7875042
153.58395,203.11781,440.2263,156.49721,201.6029,440.70435,1.9157708,2.105087
-238.69473,-53.424484,407.21497,-239.68465,-51.65492,406.60297,1.2228158,8.688384
-62.696518,211.94221,379.97946,-59.033367,213.4372,379.42365,2.3066983,0.51098436
-13.398014,90.20722,204.63867,-11.500052,91.49846,204.89229,1.3334006,7.9591336
-141.73586,52.429966,326.76587,-143.85759,52.435402,326.21564,1.2655095,1.5320822
-72.04689,-24.659355,365.64874,-74.277084,-22.80537,367.98947,2.1517463,3.426372
-138.60428,-28.944252,429.1477,-136.56805,-29.068792,429.05585,1.1790049,0.6469733
-109.085945,-88.00669,302.2734,-113.561066,-89.07199,302.57483,2.6616051,5.4458814
213.43553,-110.54824,480.6889,215.28062,-109.01645,481.02393,1.3979739,1.8330748
-41.412315,-7.4278445,333.93356,-44.542973,-6.383788,335.17792,2.0362945,2.0832481
-57.067528,-46.169754,225.85402,-60.70062,-46.452454,228.39441,2.5646865,4.0914803
55.587223,-118.84141,330.7999,59.79523,-116.239494,329.77936,2.9165494,2.8317013
82.07093,-213.13698,452.33908,84.79326,-212.18,449.8816,2.1883132,1.9514866
80.138275,236.63464,256.42838,79.058205,237.23569,255.6668,0.83821476,2.4615555
-207.62051,36.36573,296.7471,-205.65865,35.708878,299.501,1.9886664,0.851852
40.95129,-82.01649,493.26086,39.85982,-81.78538,492.12958,0.91733766,1.3123308
117.9618,170.1539,222.03017,116.29162,170.56277,221.1686,1.1104039,2.6534278
147.7842,-6.476157,301.66696,148.60376,-5.8619742,304.17508,1.5641357,1.8738817
44.267124,167.92334,331.81433,40.581593,169.4189,336.85736,3.7081888,12.641882
-184.71347,-167.6167,344.39282,-187.59824,-168.61945,342.44955,2.0899494,1.8037059
-208.12984,-177.20132,364.5285,-210.92929,-176.5278,363.89603,1.7020185,1.4112415
-88.47316,-132.36922,405.51367,-90.168335,-134.92354,405.0209,1.7926699,0.7852462
213.7794,180.11374,317.29404,214.67186,177.99115,316.5051,1.4052626,4.2628565
-13.691236,132.31006,210.34569,-16.279404,134.07234,214.82657,3.1560814,9.274911
197.73695,-85.979576,301.6139,198.97502,-84.32685,304.50635,2.0518782,1.983481
-20.162523,216.76772,206.37585,-17.600931,218.57211,207.1249,1.8599879,1.2020903
127.55905,180.17711,350.26846,127.16727,180.6086,354.8469,2.6646888,1.4209204
-7.4364123,-55.959736,460.7403,-6.327377,-53.5054,463.76263,2.3372526,2.3411696
104.351135,49.928616,225.26088,94.97225,49.500336,224.69617,5.4303403,18.600657
-91.41036,242.4164,322.02576,-89.4649,241.44559,325.32553,2.2815065,2.4927688
194.93262,103.149414,473.9193,193.87074,103.633354,474.56464,0.769896,1.2267206
-117.145966,-151.12971,449.0911,-116.16203,-152.11606,447.98737,1.0261927,1.6366681
-246.91159,49.315083,421.49252,-246.80841,49.094837,422.44943,0.5700378,1.4612367
110.58289,195.62555,413.1876,113.12504,193.98279,416.08646,2.4196818,2.3142076
88.30223,16.163675,202.31506,89.02824,18.469631,199.50745,2.1390986,4.5320473
78.45072,-16.31225,330.72708,75.78953,-16.42685,332.9209,1.9923118,2.16649
93.707504,122.697,466.84244,94.597534,124.02805,466.40204,0.95878595,0.5998166
43.132103,-22.977886,416.66403,42.71732,-23.273401,417.37662,0.5056852,0.94838905
-192.36052,66.57178,305.58188,-193.79991,68.936005,303.21274,2.1035087,2.428523
84.60187,-246.48659,368.17883,87.19606,-247.55806,368.58633,1.637472,2.5489113
-246.70073,131.40549,385.7536,-246.8671,133.63232,383.76498,1.7263719,1.8007488
-158.57855,230.51466,459.09454,-157.28223,229.41747,459.85168,1.0735561,1.3575661
-39.5608,172.61092,364.5945,-38.062523,172.2804,363.07248,1.2477527,3.6937332
-60.815308,158.3557,456.30783,-58.69992,156.93297,457.78998,1.7025257,3.2270544
-190.51743,-13.206167,421.04715,-193.68414,-13.782099,420.14023,1.9306566,2.8336413
-36.521194,117.679756,499.014,-38.622837,118.27373,498.9855,1.2610202,3.4357374
61.808624,-5.4204483,302.36172,65.74838,-8.167585,301.82892,2.7900023,2.0496933
-61.268284,-193.22878,354.70602,-62.272778,-193.80847,354.7787,0.67090374,7.9747233
104.24974,-233.23235,389.3051,105.15263,-232.46065,389.09967,0.6959265,2.8437521
-134.53896,-75.902016,204.46416,-135.49837,-77.71826,199.98528,2.844855,3.2714703
-178.08737,168.31523,361.74838,-177.1614,168.06003,361.39255,0.5913705,1.0909567
124.44992,-14.917498,341.01907,128.04295,-15.06965,339.48447,2.2574363,3.431468
84.36407,-194.48816,283.61377,86.54278,-192.85358,284.78122,1.7109042,2.6680796
-35.31465,-233.22235,384.6848,-35.688965,-234.16444,384.18503,0.6525427,2.1028323
-181.61635,13.929223,416.3865,-181.65266,13.2084,415.36798,0.7207165,1.9186504
81.84187,-125.795425,401.06674,80.20535,-125.6489,402.21658,1.1578432,2.4786427
124.977875,69.35911,471.90683,123.866005,69.07986,473.0423,0.9315797,1.9567199
-168.02867,-102.13564,339.5087,-166.32182,-101.06504,338.58905,1.2787066,0.7087553
94.65087,-28.203125,413.62244,92.91719,-28.372398,414.70148,1.1830231,2.6914966
-72.18146,-179.30476,253.8479,-71.17327,-180.38615,251.98692,1.3722343,2.486258
207.5593,-47.089226,395.86453,204.7244,-47.45241,395.5667,1.6590418,70.20372
125.76984,34.314365,239.60039,128.39137,38.326942,240.20108,2.7889102,2.892921
-113.134415,15.235632,438.79382,-112.3513,16.035254,439.15952,0.6798012,1.0519679
219.01315,-198.91348,443.5927,219.91396,-199.3683,440.92978,1.644133,3.9132254
-237.38362,180.02026,241.78146,-239.47511,180.58653,242.0784,1.2626915,23.81417
-157.588,106.9393,477.48352,-157.24403,106.515915,475.1493,1.3839785,1.1616033
-129.04851,-175.58435,346.74115,-128.86101,-174.77371,346.73654,0.480386,2.4954903
116.04005,-194.87367,473.96957,116.36451,-195.80156,471.1697,1.7132326,2.917221
13.084015,-163.3179,459.51483,12.678088,-161.80363,459.70807,0.91197985,1.2742312
-17.812296,-44.878403,306.0211,-17.76474,-43.76775,305.69482,0.6688944,13.476268
-138.73332,-127.58419,418.69522,-139.66145,-125.696045,418.57513,1.2166815,0.5368494
128.23355,-135.67447,464.4581,128.62433,-136.64577,462.50476,1.2795389,2.1454253
-191.4468,63.82408,499.68265,-191.86835,63.184776,500.971,0.86531156,1.1025059
-126.32939,-190.29543,276.01575,-128.46227,-190.10342,276.53867,1.2727212,2.1236022
153.18016,-143.49492,436.69543,150.52005,-148.27129,437.64468,3.203693,7.641477
-24.476267,207.2247,316.10916,-25.32522,206.2201,314.31793,1.2830253,3.195335
188.40886,-191.15099,220.41415,187.29204,-192.92609,220.73921,1.2252803,2.6267335
50.83205,-138.6133,284.2387,51.300858,-138.28737,283.50418,0.5371343,2.133201
144.77232,204.24763,247.76552,141.93488,201.70796,246.90497,2.2540038,4.279986
-156.29837,140.53168,416.6481,-158.49762,139.95087,422.75546,3.7627072,30.596283
-91.88907,-25.865715,363.59045,-91.04469,-25.098055,365.08664,1.0864073,1.3676854
-61.646976,234.77368,245.59586,-64.76703,234.81184,244.67017,1.879103,58.41052
-2.900397,-86.53588,381.401,-1.3211621,-87.72864,380.4703,1.2626486,7.8414173
-13.766488,46.85238,248.24931,-11.644215,47.195072,245.84885,1.8604412,6.1373725
161.23308,-148.31635,371.619,161.50429,-147.39674,372.31317,0.6834013,0.3441913
-163.40474,-20.38551,303.1732,-163.56482,-18.954845,303.19092,0.8312119,2.2853432
175.74295,-127.34818,427.5653,175.22108,-125.35262,428.70746,1.361263,0.83492583
194.52315,110.38092,348.073,195.01558,107.77573,347.16626,1.6177865,1.9927597
-212.2405,-157.89883,447.16953,-210.76915,-156.96141,447.7194,1.0560886,3.4270194
-245.30481,193.00046,305.55283,-245.00232,195.08296,308.05002,1.8854084,3.9760468
-103.62352,198.46982,321.4868,-106.75132,197.36456,321.87866,1.9285823,6.1413603
-49.627617,134.28021,281.91245,-48.537582,132.89806,282.88113,1.160013,3.1487205
235.22472,192.96574,408.108,234.01588,191.36798,411.52832,2.288573,62.503883
-214.2957,-98.808136,478.32367,-213.96289,-102.52862,477.0055,2.286944,1.157717
140.65263,-224.10506,221.16647,138.688,-222.07942,223.10687,1.9772133,1.2998452
-12.287523,204.1571,375.17496,-15.152752,203.59152,375.9505,1.7445998,2.1814551
-185.06325,38.435272,360.19724,-183.23024,39.90312,358.5835,1.6450576,6.67091
-66.95985,-228.02728,452.64334,-67.08472,-229.1511,453.11197,0.70667136,0.7396517
-59.549297,137.96918,343.0403,-59.037537,139.12738,343.18063,0.7355323,0.75361663
-128.21375,-89.24247,389.24185,-127.46793,-89.59612,390.68982,0.96227425,2.4400098
-102.81812,226.0037,289.41586,-102.31709,229.6837,285.53387,3.1017911,6.453096
-40.040585,242.30748,385.03928,-43.915062,241.38658,386.22324,2.3987074,1.5723561
231.1307,51.32048,446.20126,230.09755,52.051342,447.499,1.04653,1.0188249
-20.569715,203.91905,235.61415,-23.114614,202.68457,235.86797,1.6396013,1.2585077
225.0675,-71.47842,401.50314,225.2019,-71.65037,401.0168,0.3077583,1.8052247
-234.73396,-112.673256,235.18486,-237.32468,-111.79511,237.1954,1.9600357,14.317922
-216.94487,115.08601,434.23834,-213.5124,116.96229,436.72824,2.677176,3.4988427
-236.09204,29.427355,356.54706,-237.57486,30.380852,352.73483,2.4249377,4.8717527
82.97232,-237.6514,382.362,84.70552,-238.28929,381.4104,1.1995043,2.7740295
-139.88365,-75.635506,319.62982,-140.36179,-77.49521,318.5325,1.2768738,3.6225405
38.21009,-245.6819,344.4558,37.542904,-246.25285,346.30972,1.1843587,2.6543114
147.68307,-95.47446,253.21654,149.23145,-96.603065,250.46945,1.9337087,4.9770265
-84.09304,-16.15521,445.92123,-83.78687,-17.956495,445.08392,1.1603814,1.5182586
-127.16125,-69.02417,273.97504,-124.9238,-66.446625,274.7596,2.0220022,1.883152
112.70429,12.071722,380.72083,117.02893,13.189441,378.79117,2.8092327,3.8117435
-12.051104,-235.26227,405.57803,-12.945881,-235.32677,406.21158,0.63407826,1.1441703
-175.39493,224.45757,288.7363,-173.74074,223.98009,287.91034,1.1025028,4.5553317
-206.27745,-144.44495,236.17046,-207.0642,-145.01808,237.06685,0.7639741,1.4812447
118.583755,-207.93826,247.68571,119.39305,-209.13753,245.4347,1.544916,2.2305365
180.20616,53.029076,242.76108,182.45126,51.881603,241.43022,1.6460412,2.4780855
195.18105,85.52354,343.25824,195.77417,86.38498,341.73,1.0691683,2.149418
5.0445037,-89.560875,303.0748,4.162008,-87.18092,299.12738,2.7095559,1.2612437
-173.27272,207.72774,244.34755,-175.72269,206.3735,240.23386,2.8727894,10.696834
-137.1713,-172.73601,467.8879,-138.24495,-172.8499,467.38666,0.6872548,0.942453
-23.238056,-163.9984,277.05695,-23.929953,-164.00224,273.34015,2.1827593,3.6683722
175.92868,171.81697,200.09882,175.56912,175.80121,198.69478,2.4477713,16.375374
75.09871,-25.43317,294.50983,75.923515,-25.745693,294.25815,0.5295652,3.1905525
-112.89652,29.89148,277.3313,-108.44966,27.782866,280.09265,3.2581127,1.9395192
127.96932,133.89478,318.80908,124.667274,134.16768,316.0525,2.4884262,7.467124
-32.27991,-12.241145,270.98834,-34.895386,-14.316258,273.1609,2.299765,4.0003796
241.38197,195.22867,301.4209,241.13742,192.16513,301.27374,1.7763937,4.14842
-35.636433,-138.04897,366.89478,-37.358006,-137.6616,366.52765,1.0406156,3.3144405
168.59818,-5.227415,220.2146,170.54271,-1.3083965,220.5524,2.5333793,3.883437
-242.72919,-165.047,220.48056,-244.94185,-165.92207,220.75456,1.3828362,5.839835
109.110634,-131.0355,276.4599,111.82181,-131.57317,275.78485,1.642684,1.6108209
-50.76078,56.69437,332.2215,-51.178883,56.095276,333.7466,0.9763371,4.5366125
-0.49534604,50.99922,358.10663,0.5507059,50.976566,358.32135,0.61666936,2.586632
-150.5871,-59.346058,291.2366,-150.77177,-63.95795,292.725,2.7999408,2.2615979
214.75575,-245.42395,208.64708,214.59999,-247.49097,205.91261,1.9810878,5.547677
-150.17749,-25.838696,465.6578,-148.35489,-28.99473,469.0935,2.8917387,6.940505
30.793352,-115.13931,285.53613,29.511902,-113.99208,282.41132,2.0593474,1.9176776
48.67281,247.63988,350.19098,51.80941,247.31586,348.4181,2.0885708,3.9071126
179.22173,39.230244,228.9841,177.4503,38.71949,234.08298,3.1303544,3.9030201
-16.66673,192.83951,242.8466,-14.4428,192.03816,246.94563,2.7319145,5.1426625
164.94565,95.62616,402.24332,165.54898,96.054375,400.47803,1.1050829,2.4376185
11.948282,-204.28773,271.5109,11.417296,-202.52097,270.72382,1.158003,2.8522027
228.16733,-4.6521325,383.4728,228.75969,-6.338666,384.879,1.3130949,17.052065
108.30392,224.85324,357.54123,107.5044,227.29532,357.10608,1.5046952,0.8301674
206.05263,15.682068,359.50897,204.93158,15.975632,358.68295,0.8216317,5.3939238
221.18027,-179.30728,469.97943,220.19743,-174.02557,472.87555,3.5237243,3.9614203
151.12308,131.23967,341.88403,155.80972,133.77943,343.55734,3.225679,4.797401
-188.81622,139.0037,474.13226,-188.60785,138.6333,472.42694,1.0146812,2.4896786
-187.7857,117.26842,380.4011,-187.4093,117.944595,378.43643,1.2191237,1.7574745
58.120876,80.358635,422.68616,61.03293,80.05942,421.64252,1.7943211,0.8151015
-114.39666,175.44354,341.2976,-114.69556,177.78867,339.31277,1.7821807,3.9499445
-57.423836,-34.840626,390.29504,-56.11325,-37.110767,385.98608,2.9119475,1.9005316
-163.0859,-79.83648,469.71655,-162.41612,-78.95346,471.00836,0.982701,37.00833
131.08583,197.80579,376.9904,129.30382,195.8921,380.40594,2.483531,0.91275936
177.24886,-207.12195,409.3089,174.9413,-208.30586,411.0762,1.8119814,2.8564823
-183.59769,234.55592,258.1866,-184.177,232.98026,259.18085,1.1264745,4.272899
8.417468,-160.7969,223.57852,6.625211,-157.30063,223.9184,2.2768145,4.0404983
-52.493534,-82.842224,485.86368,-50.166286,-82.80718,485.6227,1.3509718,2.5921292
145.00766,150.93024,254.9477,143.22685,145.92671,255.69878,3.0968082,5.0722103
-17.50385,-187.54189,294.01923,-20.098495,-186.58801,294.329,1.6060323,1.3349923
115.404526,-63.554874,322.27536,116.19532,-65.14594,321.82516,1.0582265,1.0549368
33.051937,74.409966,445.1107,33.645,74.206245,443.26624,1.1247561,2.9688294
239.12405,-84.70606,288.9966,236.2037,-80.12381,287.22733,3.2992854,22.942076
-40.183464,172.48935,247.15454,-39.114407,171.17575,246.14694,1.1377875,4.1537466
243.83543,-102.79847,328.2397,243.16759,-99.153984,330.58133,2.5305858,2.9843905
-42.28071,44.914074,447.55237,-43.607204,44.293575,448.16074,0.9155548,1.8219646
-158.66566,-73.68709,213.21146,-159.58548,-74.214066,210.79936,1.5211797,5.689461
141.04053,-195.16895,360.08234,141.12573,-193.74713,361.555,1.1828681,0.9380518
-114.140495,-110.786224,411.21213,-113.07773,-110.21839,412.08075,0.8575959,0.5878886
32.877365,158.08073,339.95352,34.020077,156.49902,338.49307,1.4071852,1.0034813
73.00754,-91.52854,461.7602,71.16361,-90.22174,460.01923,1.6470939,54.75024
-150.16138,-77.34601,314.372,-153.78552,-79.15191,311.80905,2.7667346,1.7627096
-232.79654,194.28212,412.0895,-234.94753,192.50005,412.35083,1.6197548,0.7819333
243.51666,207.87799,250.63101,243.63994,210.6995,249.69202,1.7183118,3.8746865
158.69507,37.019485,240.89664,161.48102,34.24409,240.70674,2.273059,2.2300282
-188.14737,-194.79999,390.20758,-187.24858,-194.15555,390.4611,0.6550802,1.5560793
173.98473,-120.3947,329.01712,173.70314,-120.942535,332.3766,1.9719222,0.755372
-120.9349,145.75269,361.98343,-122.51018,146.95187,359.36325,1.896039,1.0760996
-126.35763,-60.385033,384.9833,-127.60416,-62.598774,385.83688,1.5473716,1.3862013
136.30818,214.10559,284.38477,134.00388,213.64024,288.05722,2.517492,1.5005901
128.681,-60.40886,346.61166,127.219154,-63.167892,345.98746,1.838377,0.7600814
172.97867,243.51654,452.3064,171.27414,244.22469,452.5607,1.0757258,1.2389551
-181.674,77.77986,227.15894,-185.68448,77.581696,229.23016,2.6085262,10.647709
123.79309,-110.62258,371.3679,122.768425,-110.03399,370.76657,0.76549876,0.99896795
-15.088062,23.597378,448.46906,-12.792848,25.50948,450.02295,1.9441133,1.7820588
-87.0583,150.16693,206.21858,-87.90585,143.06291,206.30544,4.130899,2.6354825
117.151436,-125.9059,414.63815,118.158005,-123.70739,414.78223,1.3984969,2.705916
172.57153,-102.38336,260.55154,170.6009,-101.2989,266.62256,3.737943,1.7251037
-88.76962,-41.792435,299.69724,-93.75716,-45.09904,302.31693,3.771468,1.076929
-172.59422,-68.565926,201.1286,-172.31125,-69.59401,200.5449,0.701838,7.0160575
245.84235,219.73727,302.34012,242.00102,217.87068,303.14005,2.5086398,7.5100293
209.595,73.58297,450.5718,210.66457,75.543724,447.8873,2.0161943,3.9916937
-105.07943,44.925518,224.05511,-104.953514,42.13671,219.09908,3.284084,2.1727786
157.20717,223.3722,475.0558,156.68678,221.93333,475.96457,1.0274565,1.0265468
-205.1534,-49.019268,329.0221,-205.50479,-48.47686,329.97803,0.6662061,1.4087292
206.27296,93.09961,348.339,206.29126,89.35834,348.7233,2.171416,4.259277
137.32613,-165.72498,285.52164,138.55249,-163.12698,283.5991,1.9958054,1.4265856
-151.56844,166.9386,480.61047,-153.56412,166.29086,478.14215,1.8703765,3.032124
-102.15638,-85.926956,259.38644,-102.31765,-85.079834,261.11813,1.1168964,2.0450044
47.777428,-10.947369,433.72644,48.49788,-11.550855,435.0817,0.95218384,39.06692
-72.12116,-236.27145,357.9061,-73.62195,-239.41025,355.97263,2.2980208,0.7277303
118.116905,-176.56172,294.57086,114.77824,-174.63243,293.5099,2.309007,2.774861
46.181435,157.18427,403.50626,47.740444,155.06607,404.47757,1.6187145,2.214991
-146.48567,87.88973,437.87088,-145.76584,88.58352,436.75455,0.86519736,2.2037535
55.054752,-247.53665,463.59137,55.039494,-246.43779,464.5953,0.8593833,12.112368
-242.97046,130.87645,218.61273,-244.20479,129.47563,217.42845,1.276503,6.188765
-194.1261,63.405895,205.53899,-195.30995,66.50743,200.94054,3.2744858,5.9181423
-169.39609,223.99323,281.4546,-170.02588,225.73923,281.60287,1.0750425,2.0934815
-73.16115,215.2229,298.70438,-74.781425,213.95935,297.6169,1.3421915,2.8133464
-244.04512,-39.10806,280.46045,-247.01068,-40.90312,275.3117,3.5835896,16.051214
214.95377,-194.42969,256.65952,213.7045,-197.35045,258.22,2.0434146,10.767633
-130.24553,-40.239666,284.32245,-129.78174,-39.08473,281.95425,1.5445958,0.94397795
-114.680725,-51.5916,419.2992,-112.736206,-52.836964,420.35526,1.465987,3.065039
-62.17884,0.011063365,307.74313,-62.818684,1.130279,307.3514,0.77792245,1.6393353
220.36935,-125.36346,376.06284,218.16617,-124.38485,376.62393,1.4290473,2.0477555
-74.09033,-86.88443,365.3962,-69.16065,-85.87063,366.4676,2.9708245,2.5838847
-34.433575,-217.98662,444.7947,-34.308823,-218.85654,441.49658,1.9706141,7.669142
-100.74636,126.20437,399.93097,-102.56345,123.5329,398.03766,2.1620367,1.6317489
238.12253,-110.32621,446.5351,238.36964,-107.18693,446.86444,1.8279887,3.6661315
-67.57139,90.41163,365.84015,-67.21455,89.92392,366.03284,0.36620805,1.0852511
-208.2313,-111.63585,214.87877,-208.36746,-111.85376,212.21664,1.5441216,8.055434
78.991196,170.68097,308.8555,77.96715,170.19171,308.3353,0.7208,2.919452
108.30246,-130.87709,282.71515,108.10116,-132.19745,281.28207,1.1310132,2.1637003
-63.87949,-189.69827,262.43274,-63.35536,-190.11899,258.90408,2.0738957,3.607599
-144.30742,140.50328,394.97217,-146.8078,144.12953,395.74646,2.582062,11.623325
-45.374275,-135.95486,448.52197,-45.449337,-135.83025,447.44574,0.62701446,1.5301327
-30.465895,-162.71747,432.32245,-28.73218,-164.51866,432.35272,1.443489,1.5809549
247.6499,35.477596,291.85474,247.39645,39.02161,295.57697,2.9709291,1.5367053
179.21767,-218.76646,336.18237,178.83769,-218.88026,335.79196,0.32132643,5.8881693
60.45445,29.256828,288.3498,58.707005,25.720394,291.66223,2.9738965,8.113746
-153.04102,-240.81714,310.02148,-153.22289,-242.7836,309.2651,1.2209496,0.56174713
93.95726,-35.803123,334.82816,94.83411,-35.310028,334.64627,0.5902216,2.812793
129.4995,-42.3555,496.7654,129.2862,-42.91393,495.884,0.61487746,0.4140232
-212.30563,-207.27983,224.21739,-210.98726,-205.37917,224.22514,1.3355025,8.837169
-60.25674,-208.96501,322.60828,-63.63444,-209.15573,321.29224,2.0958052,5.9080014
-86.5761,43.52217,474.75015,-85.143684,43.80294,475.70728,1.0077597,0.86246115
35.21566,-247.9401,373.5189,35.857544,-250.88599,371.433,2.1166937,0.29687798
76.52661,115.86054,307.6498,75.854744,112.13045,305.96503,2.3946824,4.5818934
-159.3061,-65.72141,427.09375,-160.867,-65.20311,427.29153,0.95640975,1.6479148
-15.170281,-118.58715,494.32248,-12.951752,-119.30471,493.9449,1.363738,1.661305
246.08394,225.52147,425.0253,244.56247,225.27013,426.44022,1.2083089,3.4999437
-242.07368,-238.8143,473.38318,-241.1635,-239.44571,474.74777,1.014763,6.5543513
-64.50319,63.48219,369.2349,-66.64904,63.937725,371.63165,1.8758682,1.685715
-82.843765,-241.06683,290.28867,-83.60497,-239.69435,289.75867,0.95638967,3.3004942
-47.208492,-58.998703,240.49728,-47.91552,-59.852505,240.76811,0.65884066,4.2321844
184.59685,-93.72046,482.78717,186.01707,-92.55056,481.75345,1.2185086,2.867552
-30.84748,-209.82901,258.3014,-26.717028,-209.18694,257.92535,2.4231045,2.2779992
191.539,141.5949,438.63782,192.80673,141.66385,437.3151,1.0585357,1.6288253
37.76992,35.929615,378.16568,39.721592,37.008972,377.0184,1.4480194,1.4471396
-37.691154,-211.33183,322.0392,-38.885258,-210.45615,323.11343,1.0561969,1.3520912
-123.84845,238.5848,292.12375,-123.62251,238.55153,288.59406,2.0421305,1.3453628
161.80693,-194.62935,204.87791,161.34566,-195.08197,200.53613,2.5343447,11.078399
72.10026,-3.960784,471.73853,70.795845,-3.625777,470.9288,0.90726215,0.67170775
-143.88696,-234.74521,368.90445,-144.40701,-234.42822,370.29175,0.8747437,2.7247982
-184.96475,-47.089767,430.52283,-185.57452,-46.39599,431.7794,0.90038824,2.7406838
-187.28433,-4.2121058,397.8141,-186.15616,-3.4513464,396.35324,1.1526206,4.006746
204.53598,178.15372,467.6164,203.26683,178.35428,467.1729,0.7847806,3.0234897
-48.30423,88.77283,231.00583,-47.1124,86.54072,231.70247,1.5152642,6.436594
160.1539,-73.86122,407.6668,160.7944,-72.47323,410.49792,1.8575956,2.560914
197.68105,-157.84944,411.0249,195.48285,-157.7343,411.72537,1.3336645,2.926852
-136.83348,-227.39055,341.26108,-136.35558,-227.12955,341.89856,0.48404485,3.0033586
-233.71382,-85.743744,257.88104,-233.62735,-85.94838,256.72382,0.68032503,3.6913207
-159.83195,-218.58691,332.04456,-158.29045,-217.08757,332.0509,1.2415457,3.2406628
136.48935,-162.0471,205.76054,135.45325,-161.13031,204.79254,0.9748585,6.5186687
-242.29341,75.37368,415.7197,-241.13533,74.73023,416.5058,0.88940686,27.545294
32.06603,-149.22475,496.20807,30.6531,-152.9699,495.78342,2.323993,4.1216946
-154.36661,-63.04081,454.87277,-153.91942,-61.98421,456.59436,1.1944656,1.1774096
133.33035,-246.45604,348.5392,132.30312,-245.47424,349.02344,0.8667201,1.8365527
-10.312152,206.33783,414.20416,-11.331911,207.30391,414.00903,0.8187988,3.4603114
24.53997,170.42856,296.27695,27.410042,171.56879,297.5199,1.922009,9.972749
-103.29587,-202.69008,303.49692,-103.66791,-200.59216,304.41187,1.3387547,4.3256288
-21.710749,92.28432,314.77432,-22.917212,95.35636,313.77713,1.9905946,2.5682893
-227.1437,-4.10666,433.70917,-226.8294,-6.744582,433.4998,1.5385338,1.3406785
154.75983,160.94594,306.2165,154.90219,161.15501,304.28882,1.1224831,4.313146
203.74947,-160.62872,380.70004,204.05789,-163.03957,380.61685,1.4040668,2.0735617
126.32376,-159.94785,438.18643,125.69824,-161.75044,437.81116,1.1227142,1.599999
-2.1888638,227.00136,479.05118,-5.0022287,226.69466,480.17886,1.7588599,1.8673382
171.89218,-145.86826,409.64392,172.45786,-145.27809,408.77664,0.6881021,2.82844
-248.08957,-32.50356,361.42227,-248.63579,-33.74509,361.38467,0.7834047,1.2662022
82.97871,-166.38766,444.6915,83.69902,-165.3204,445.0496,0.77160627,1.452679
133.69296,-87.50715,316.96408,132.56256,-86.99631,318.9739,1.3635945,1.7651029
-86.67188,-84.77678,340.01114,-87.99967,-90.511826,340.05783,3.3988216,5.2461824
178.28586,53.853245,456.52164,178.32104,51.436703,455.0174,1.6435387,1.5079237
-249.905,14.56486,217.3847,-248.68146,12.999204,217.4243,1.1474468,2.5006742
66.060104,228.38841,451.30313,65.867165,230.07971,450.8822,1.0124065,0.9302429
-99.488014,153.91566,434.38123,-99.61294,155.2656,433.02917,1.1054348,1.0805203
64.313965,121.72428,491.3065,66.38896,121.279236,490.9318,1.2441964,1.5992365
-124.32067,-101.64259,286.74542,-126.43537,-103.44279,283.01364,2.6856933,30.28628
-145.11008,-98.56355,377.5688,-145.63353,-100.4276,378.46353,1.2314262,8.39355
63.080193,-21.247793,468.03635,60.87929,-21.145306,467.63156,1.2933574,0.9366454
-1.5325897,-103.31688,206.92628,1.9197986,-109.32245,210.67456,4.547359,5.6722803
-156.35966,-157.10802,446.96448,-157.79678,-158.09314,445.13095,1.4603192,1.3223443
193.08746,-151.65979,444.70822,192.64285,-150.90761,443.90656,0.68462276,1.8999677
191.19333,-60.451077,395.19473,190.60342,-62.83156,395.21744,1.4160033,1.940746
24.784203,-81.89697,373.46924,22.402817,-81.783745,371.89655,1.6489575,69.77329
103.04801,220.55006,487.08084,102.778885,221.12648,485.74075,0.8564501,2.2953348
-24.306633,52.513157,318.5948,-22.42823,52.951897,322.49203,2.5106058,1.7295529
150.72168,184.91194,317.3192,148.5414,183.64012,319.01303,1.7550095,3.3220537
166.92813,-200.69057,309.08524,166.16396,-203.2744,308.96005,1.557329,4.358953
132.07985,-230.43399,351.11935,131.83328,-231.65697,348.07288,1.9006575,1.154098
-128.42558,166.86548,411.42773,-130.07678,164.06796,410.25528,1.9939245,0.78519666
-237.75577,-31.33732,331.80936,-236.3116,-33.586502,331.64972,1.5459542,2.0090094
79.12653,25.334658,329.94067,77.68192,25.826563,327.56503,1.6301881,4.00182
-44.371155,-113.64248,256.47394,-41.643448,-119.99549,259.0166,4.2530885,1.9682115
197.13043,-33.39251,364.85968,197.10318,-32.330692,366.8915,1.3236982,6.293206
179.92375,-183.65044,263.98114,180.32867,-184.16519,264.7257,0.5725139,3.186725
16.876047,245.8155,386.65982,16.464672,244.83743,386.7321,0.61402464,1.9916774
-61.277927,24.82537,493.95294,-61.027473,21.97504,494.47015,1.6787513,0.9248187
106.49477,-200.59094,333.64175,109.00741,-200.64328,331.40002,1.9443475,3.635117
104.684845,175.78865,245.67375,103.12635,177.44228,246.26054,1.3549548,4.810567
91.14145,-34.960194,497.76517,91.64741,-33.20823,497.05328,1.1302142,1.900037
171.21204,67.59864,317.0325,169.38483,68.3604,316.43863,1.1932662,4.249596
38.659294,-171.37427,349.9444,36.702087,-171.63176,349.8005,1.1427547,3.7001772
8.02174,-52.205738,462.05798,8.014888,-52.05119,462.63623,0.3455922,2.2710512
8.454066,-1.0065198,412.5268,8.508418,0.8184066,415.4459,1.9878333,0.5617906
194.49033,-1.3737017,339.6021,192.959,0.24976581,338.57812,1.4176455,3.2151804
-66.624435,159.87805,458.8842,-70.12242,158.04906,458.6673,2.2824087,0.6350281
170.95792,-2.1052804,274.5265,168.31076,-5.3512874,276.06763,2.5767615,6.6445
2.4447818,-98.75011,254.5076,-0.5657636,-96.72232,257.74472,2.80798,3.1622624
-207.33052,-116.12244,395.57693,-209.04974,-117.508095,396.33017,1.3469892,1.1948261
-25.509005,-96.14907,314.62253,-25.002663,-100.14935,313.7819,2.3780463,2.534039
-104.4018,-13.832871,360.4542,-104.931305,-15.806828,357.99728,1.8451087,2.361774
13.942522,-117.85262,425.3771,14.957105,-116.47482,425.75754,1.0120012,3.2183917
176.65494,-234.52675,341.62363,172.53981,-235.99304,343.30423,2.702389,4.747135
-160.27225,-150.38194,481.9321,-159.8748,-149.8025,481.45673,0.4897923,0.6631227
-12.387689,39.077877,244.11922,-11.023378,43.167553,242.82768,2.5983875,7.557664
41.251125,-114.73325,451.70282,39.6275,-114.60914,452.16486,0.9772488,1.334726
134.91016,-84.0853,436.6878,135.19412,-85.72005,435.99045,1.0391266,1.5651474
220.4885,-120.71113,235.41151,218.43181,-115.56406,238.4309,3.6441257,5.7684093
25.303942,-201.61331,365.37152,26.492483,-202.14313,366.4254,0.96678644,3.6272929
210.809,-159.80338,435.18475,211.78429,-159.34453,435.12027,0.623397,1.3194087
-81.72051,-122.75964,324.44006,-81.970184,-124.90321,323.76862,1.3048717,0.833588
132.15988,169.67499,345.56125,131.1529,168.25243,347.013,1.309617,0.5230648
131.86273,-139.38715,423.648,132.34525,-137.54303,424.6448,1.241932,44.674374
25.639492,164.1989,458.4669,24.26843,164.19992,457.91974,0.8522877,3.280406
-163.10564,121.6498,318.0812,-166.46347,117.35107,319.86688,3.3137503,13.466239
-56.897854,237.14726,451.13495,-58.52047,237.42635,451.86353,1.039486,4.5974813
-104.57494,126.79507,443.70016,-104.6308,126.196686,443.93756,0.37306684,1.1261402
233.43932,-192.44348,235.58687,239.38579,-190.27388,239.25157,4.2228646,4.5266776
72.31123,220.02138,400.65137,71.21738,222.479,401.22467,1.5879889,3.2413037
204.51892,171.04732,447.1325,205.1402,172.09802,447.05618,0.70611405,2.320666
-101.92011,-28.1857,451.11322,-100.849625,-29.008327,450.9565,0.78469074,1.0307678
-35.529972,-33.20553,325.44656,-34.36184,-34.718193,325.7741,1.11952,3.7580864
33.68616,-234.52286,264.65512,32.46466,-231.66296,262.7017,2.1202943,4.607519
-72.63591,-141.17923,251.23752,-72.87985,-139.56252,253.21895,1.4831654,2.783415
-21.750185,107.443054,455.7747,-22.760757,108.25506,454.12308,1.2122194,0.3020747
49.65353,-194.7366,300.0569,48.37892,-193.6195,299.79373,0.99024916,4.06843
-235.85701,245.87245,441.74533,-237.79446,244.69362,439.5294,1.8306445,1.67262
-80.09442,-239.15877,382.47028,-80.97291,-239.9816,382.83475,0.72609174,2.655836
-249.88914,245.48674,265.1856,-251.94049,246.68523,264.45377,1.4352679,35.370087
-8.731189,-101.89621,325.9083,-9.50206,-99.97316,326.63962,1.2684895,2.6379197
54.00033,-19.567392,442.02536,53.5036,-21.874437,441.9198,1.3638598,2.2112873
-203.50478,22.735725,461.03647,-203.96555,22.773132,462.33615,0.79642594,3.8232648
-128.9528,-105.22341,305.8297,-126.31554,-106.55911,303.3045,2.244694,1.8516021
151.99591,-139.7512,434.14185,151.79103,-138.6252,433.44937,0.77231,2.0663204
170.14078,-224.7154,217.17558,168.66362,-225.89006,215.47702,1.4659414,20.691511
-56.133373,161.7165,358.62976,-56.453236,163.19398,359.3236,0.96032596,5.7256527
157.11186,236.1547,241.52246,157.77776,239.08765,238.56673,2.434611,5.5129485
-111.42987,-187.22125,488.73718,-112.48558,-187.57552,489.18857,0.69372773,1.5222219
103.054115,179.91542,409.5111,102.88757,181.64418,409.582,1.0035557,11.454258
22.728312,110.26972,306.34875,22.049704,111.18688,311.94775,3.299014,3.3511338
-29.95046,125.11267,488.41638,-29.359028,119.966866,490.47455,3.2179267,46.382263
78.22114,-56.097267,230.0579,79.766174,-54.189995,230.29707,1.4238476,4.6831775
-243.30466,-221.21255,334.75146,-242.9999,-220.50288,334.2227,0.5404073,20.738663
-168.77829,95.21156,292.56998,-168.40526,94.65043,293.94,0.88147503,0.8361679
-103.088264,231.06322,497.7293,-98.646904,234.48853,495.51486,3.4814842,14.741742
90.28131,79.37913,226.53949,84.88421,80.43956,230.54854,3.9296181,5.013827
103.11766,-132.97385,358.27902,105.02961,-133.32614,355.00217,2.1998062,5.4548464
90.38042,18.367632,266.85037,94.38303,20.54942,265.75635,2.7066603,3.3516278
133.80855,-189.16243,408.6413,133.35811,-188.07431,408.4975,0.68497634,5.559043
-210.22423,108.93928,341.19293,-209.72678,108.92039,338.69287,1.4717473,0.762772
-197.05554,86.4321,455.88104,-196.44109,86.91695,455.5158,0.49867496,0.85617036
177.67557,-26.603,414.83594,179.66454,-26.466217,413.16833,1.5006223,2.1177168
-71.58112,-245.66776,428.38535,-68.30947,-246.30492,426.9971,2.0846188,5.7296233
34.185646,-219.81697,294.41458,35.749023,-217.34807,293.89413,1.7137185,3.5673966
1.7514029,90.988846,246.89476,-3.314349,91.569984,252.3799,4.3238215,3.1826675
63.331284,96.20667,315.8949,62.58773,98.64174,317.4276,1.7157732,2.8548138
-211.52664,37.604664,211.23288,-212.79358,43.937958,215.30049,4.4068584,7.823237
134.89511,-136.15439,273.0437,137.97516,-137.50417,269.16324,2.9646013,3.1873648
-188.29884,81.56579,384.28662,-190.22922,82.63781,382.84677,1.5219222,2.0296028
90.68723,-197.2474,260.54468,92.02025,-197.21487,262.6943,1.4604665,3.9103715
-48.92895,63.840286,211.59882,-39.589935,54.556267,209.89471,7.6662507,15.50977
-3.8691819,36.158955,369.01233,-6.6551194,36.773304,372.80865,2.7417123,1.3315959
85.84686,-72.25318,434.1525,85.66937,-70.65146,434.1895,0.93066084,2.655385
-64.49863,-140.41698,256.744,-62.561943,-142.13142,257.2655,1.5233788,3.229
-226.98126,112.29135,476.9408,-226.53082,112.31633,476.04675,0.5781673,3.378366
232.10577,-159.50403,302.51904,232.48186,-158.98857,303.4542,0.6536157,5.012762
11.33845,-171.32268,359.10883,11.163901,-172.52725,356.98343,1.4140695,1.3925034
121.07232,66.38206,389.89474,120.5398,64.06826,387.90906,1.7870072,1.7795603
15.647417,80.31226,364.52383,20.905151,80.05756,363.6525,3.0804694,3.7173111
159.84344,-199.01546,374.76935,160.30615,-199.75722,374.42606,0.54226565,2.5642307
32.30809,-118.85585,231.03769,32.38316,-123.115005,236.16772,3.8498182,4.900416
-188.62157,-200.70198,350.08438,-186.90344,-199.63065,351.31824,1.3689548,0.2912249
70.95328,206.91574,424.95117,73.20334,207.50404,424.60452,1.3575763,2.3573022
-163.62967,-245.80673,242.44113,-159.96646,-246.3341,245.08759,2.6268444,9.2184725
161.82707,-74.49421,478.6181,162.29816,-74.25524,479.4353,0.56179523,0.52165663
90.5308,-171.5895,219.03342,90.57586,-171.37468,217.71571,0.77125806,6.147172
219.90431,-16.502562,433.9976,220.92511,-16.45309,430.54642,2.078065,4.15706
64.54039,203.41867,316.0868,62.150524,198.88364,319.47214,3.5467618,36.526665
-137.41844,103.68819,288.0934,-136.34596,100.09015,291.30716,2.8533165,3.0257761
28.568773,-69.91312,454.86133,27.44362,-68.78126,457.71405,1.8872464,4.996244
135.88614,-156.67314,446.27014,134.84764,-155.27649,449.54132,2.1392934,2.2437203
105.94415,102.506065,382.1074,102.90421,103.31277,383.69412,2.0338566,4.640408
-78.85165,20.957935,314.36642,-78.157585,19.136465,315.99667,1.4671044,5.043533
77.675575,110.14499,436.8813,76.12405,111.43895,437.71436,1.2616893,1.653401
217.63452,-227.57236,245.20576,216.17656,-229.113,239.26787,3.6404154,1.7994428
92.40502,-163.42969,319.99277,92.04474,-163.39395,317.93494,1.2063372,2.8130605
-66.3493,-90.06335,326.38187,-68.682594,-88.221016,328.44208,2.0882952,2.9544177
205.37917,-16.731651,247.70589,203.4105,-12.691377,246.93422,2.6327999,4.5206437
163.8121,34.72301,320.97318,163.98831,33.678402,322.36237,1.0086473,5.5148497
177.59187,31.046997,310.29193,178.37614,29.890696,308.0938,1.503756,2.8378804
-196.5793,21.45783,243.01634,-197.7732,22.842754,240.43985,1.8240713,2.3146093
-104.58558,33.05817,244.48335,-100.06277,30.43378,245.9427,3.1343768,5.8187537
145.0639,-41.262188,489.6555,144.9108,-42.509445,487.8812,1.2552828,0.7694381
-112.59625,-110.593575,220.62706,-109.22995,-110.98323,219.57353,2.0488813,7.7304173
-213.14703,9.064771,237.16383,-211.43594,8.198797,238.09027,1.2296376,4.5828032
91.633,-189.06975,490.03442,89.93104,-185.67488,492.6308,2.6559975,0.5091645
149.63498,124.63568,485.098,147.87518,123.844475,485.55536,1.1448543,1.2005229
70.88391,226.46786,300.62286,72.87078,226.51474,299.0963,1.4468592,1.756748
-77.57833,-222.95175,230.83682,-74.75106,-217.78148,227.96951,3.7835894,1.2418971
29.88666,141.16357,382.59808,28.891254,141.60431,383.46643,0.80397046,1.9069607
-239.24002,-138.08354,331.42917,-240.4496,-136.81049,331.01285,1.0419656,20.037203
31.330828,-81.79432,485.6171,33.71595,-81.5265,484.5229,1.5229169,1.0495437
178.40059,-233.23091,238.50061,179.54234,-233.26079,236.14034,1.5138687,26.755762
-210.97339,234.5429,433.46503,-212.44395,233.16606,434.94562,1.4434192,2.640686
-58.3403,31.047802,207.45035,-60.677917,33.083477,207.78275,1.799899,4.682177
-167.56815,-209.20927,262.29587,-165.54013,-209.91525,262.7111,1.2627563,4.4886365
-59.996048,-89.22218,290.1586,-62.519135,-85.119095,292.58215,3.1131396,12.6166
