0.24415292146903306,0.05375268307848631,0.2,0.5,0.5,0.5
0.2422208109815062,0.061372076885142415,0.20035035035035037,0.5,0.5,0.5
0.2400511116046097,0.06892315516177316,0.2007007007007007,0.5,0.5,0.5
0.23764620772468248,0.07639851551608726,0.20105105105105106,0.5,0.5,0.5
0.2350087141641683,0.08379083790847902,0.20140140140140142,0.5,0.5,0.5
0.23214147336185195,0.09109289181928078,0.20175175175175175,0.5,0.5,0.5
0.22904755233037105,0.09829754332016793,0.2021021021021021,0.5,0.5,0.5
0.22573023939423986,0.10539776204280218,0.20245245245245247,0.5,0.5,0.5
0.22219304071183862,0.11238662803790632,0.2028028028028028,0.5,0.5,0.5
0.21843967658503086,0.11925733851808028,0.20315315315315316,0.5,0.5,0.5
0.21447407756027848,0.12600321447778928,0.20350350350350352,0.5,0.5,0.5
0.2103003803253285,0.13261770718408392,0.20385385385385388,0.5,0.5,0.5
0.20592292340574214,0.1390944045317464,0.2042042042042042,0.5,0.5,0.5
0.201346242665733,0.14542703725669753,0.20455455455455457,0.5,0.5,0.5
0.19657506661797008,0.15160948500164664,0.20490490490490493,0.5,0.5,0.5
0.19161431154718536,0.15763578222811822,0.20525525525525526,0.5,0.5,0.5
0.18646907645260744,0.1635001239691477,0.20560560560560562,0.5,0.5,0.5
0.1811446378144152,0.16919687141710318,0.20595595595595598,0.5,0.5,0.5
0.17564644418957706,0.17472055734125694,0.2063063063063063,0.5,0.5,0.5
0.16998011064260304,0.18006589132990797,0.20665665665665667,0.5,0.5,0.5
0.16415141301689729,0.18522776485203238,0.20700700700700703,0.5,0.5,0.5
0.15816628205254912,0.19020125613362582,0.20735735735735736,0.5,0.5,0.5
0.15203079735654906,0.19498163484408818,0.20770770770770772,0.5,0.5,0.5
0.14575118123155434,0.19956436658819543,0.20805805805805808,0.5,0.5,0.5
0.13933379236946566,0.20394511719940045,0.2084084084084084,0.5,0.5,0.5
0.13278511941620186,0.20811975683040504,0.20875875875875877,0.5,0.5,0.5
0.1261117744141818,0.2120843638371525,0.20910910910910913,0.5,0.5,0.5
0.1193204861291388,0.21583522845259598,0.20945945945945948,0.5,0.5,0.5
0.11241809326799734,0.21936885624681354,0.20980980980980982,0.5,0.5,0.5
0.10541153759464861,0.22268197137025297,0.21016016016016018,0.5,0.5,0.5
0.09830785695054986,0.22577151957710953,0.21051051051051053,0.5,0.5,0.5
0.0911141781871647,0.22863467102606105,0.21086086086086087,0.5,0.5,0.5
0.08383771001733965,0.2312688228558068,0.21121121121121122,0.5,0.5,0.5
0.07648573579278556,0.2336716015330846,0.21156156156156158,0.5,0.5,0.5
0.06906560621489945,0.23584086497106727,0.21191191191191192,0.5,0.5,0.5
0.061584731986220706,0.2377747044162693,0.21226226226226227,0.5,0.5,0.5
0.054050576409866886,0.23947144610232765,0.21261261261261263,0.5,0.5,0.5
0.04647064794433931,0.2409296526692512,0.21296296296296297,0.5,0.5,0.5
0.03885249272112443,0.2421481243469696,0.21331331331331332,0.5,0.5,0.5
0.031203687032547545,0.24312589990224598,0.21366366366366368,0.5,0.5,0.5
0.0235318297973562,0.24386225734825362,0.21401401401401401,0.5,0.5,0.5
0.015844535011526717,0.24435671441635387,0.21436436436436437,0.5,0.5,0.5
0.008149424191792442,0.24460902878984764,0.21471471471471473,0.5,0.5,0.5
0.0004541188193937183,0.2446191980997102,0.21506506506506506,0.5,0.5,0.5
-0.007233767208459108,0.2443874596825546,0.21541541541541542,0.5,0.5,0.5
-0.014906635111933717,0.24391429010130375,0.21576576576576578,0.5,0.5,0.5
-0.022556908739280377,0.24320040442928914,0.21611611611611614,0.5,0.5,0.5
-0.03017704204747049,0.24224675529872397,0.21646646646646647,0.5,0.5,0.5
-0.03775952654538196,0.24105453171473412,0.21681681681681683,0.5,0.5,0.5
-0.045296898692190106,0.23962515763636136,0.2171671671671672,0.5,0.5,0.5
-0.05278174724367427,0.23796029032618177,0.21751751751751752,0.5,0.5,0.5
-0.06020672053920903,0.23606181847041158,0.21786786786786788,0.5,0.5,0.5
-0.06756453372227599,0.23393186007159736,0.21821821821821824,0.5,0.5,0.5
-0.07484797588740427,0.23157276011621142,0.21856856856856857,0.5,0.5,0.5
-0.08204991714652911,0.2289870880196945,0.21891891891891893,0.5,0.5,0.5
-0.08916331560784328,0.22617763485170536,0.2192692692692693,0.5,0.5,0.5
-0.09618122426031259,0.2231474103445527,0.21961961961961962,0.5,0.5,0.5
-0.10309679775712446,0.2198996396879965,0.21996996996996998,0.5,0.5,0.5
-0.1099032990914474,0.21643776011381477,0.22032032032032034,0.5,0.5,0.5
-0.11659410615799239,0.21276541727373677,0.2206706706706707,0.5,0.5,0.5
-0.12316271819398664,0.2088864614145449,0.22102102102102103,0.5,0.5,0.5
-0.12960276209329671,0.20480494335434568,0.2213713713713714,0.5,0.5,0.5
-0.13590799858757055,0.2005251102642013,0.22172172172172172,0.5,0.5,0.5
-0.14207232828840602,0.19605140125950438,0.22207207207207208,0.5,0.5,0.5
-0.14808979758469512,0.19138844280566253,0.22242242242242244,0.5,0.5,0.5
-0.1539546043894481,0.18654104394283644,0.2227727727727728,0.5,0.5,0.5
-0.15966110373055176,0.18151419133465282,0.22312312312312313,0.5,0.5,0.5
-0.16520381318007724,0.1763130441459827,0.2234734734734735,0.5,0.5,0.5
-0.17057741811692273,0.17094292875503694,0.22382382382382385,0.5,0.5,0.5
-0.17577677681774131,0.16540933330519458,0.22417417417417418,0.5,0.5,0.5
-0.18079692537128406,0.1597179021021285,0.22452452452452454,0.5,0.5,0.5
-0.18563308241146506,0.15387442986194494,0.2248748748748749,0.5,0.5,0.5
-0.19028065366464403,0.14788485581619132,0.22522522522522523,0.5,0.5,0.5
-0.19473523630680756,0.14175525767972455,0.2255755755755756,0.5,0.5,0.5
-0.1989926231265229,0.13549184548756493,0.22592592592592595,0.5,0.5,0.5
-0.20304880648973891,0.12910095530697768,0.22627627627627628,0.5,0.5,0.5
-0.20689998210270533,0.12258904283114745,0.22662662662662664,0.5,0.5,0.5
-0.21054255256948687,0.1159626768609212,0.226976976976977,0.5,0.5,0.5
-0.21397313074075786,0.109228532681195,0.22732732732732736,0.5,0.5,0.5
-0.2171885428507711,0.10239338533862306,0.2276776776776777,0.5,0.5,0.5
-0.22018583143960854,0.09546410282741767,0.22802802802802805,0.5,0.5,0.5
-0.22296225805803957,0.08844763919008829,0.22837837837837838,0.5,0.5,0.5
-0.2255153057525273,0.08135102754005193,0.22872872872872874,0.5,0.5,0.5
-0.22784268132814778,0.07418137301311153,0.2290790790790791,0.5,0.5,0.5
-0.2299423173874066,0.06694584565486873,0.22942942942942945,0.5,0.5,0.5
-0.23181237414316344,0.05965167325118552,0.22977977977977979,0.5,0.5,0.5
-0.23345124100410206,0.052306134108865435,0.23013013013013014,0.5,0.5,0.5
-0.2348575379314059,0.04491654979376582,0.2304804804804805,0.5,0.5,0.5
-0.23603011656553466,0.03749027783358256,0.23083083083083084,0.5,0.5,0.5
-0.23696806112222107,0.03003470439258166,0.2311811811811812,0.5,0.5,0.5
-0.2376706890570382,0.02255723692557223,0.23153153153153155,0.5,0.5,0.5
-0.2381375514981199,0.01506529681842294,0.2318818818818819,0.5,0.5,0.5
-0.2383684334468452,0.007566312022436847,0.23223223223223224,0.5,0.5,0.5
-0.2383633537465285,6.770968989229329e-05,0.2325825825825826,0.5,0.5,0.5
-0.23812256481938898,-0.007423091181945299,0.23293293293293293,0.5,0.5,0.5
-0.23764655217229833,-0.014898687091059262,0.2332832832832833,0.5,0.5,0.5
-0.23693603367204097,-0.02235169734790091,0.23363363363363365,0.5,0.5,0.5
-0.23599195859104263,-0.029774771362358367,0.233983983983984,0.5,0.5,0.5
-0.23481550642475335,-0.03716059589328431,0.23433433433433434,0.5,0.5,0.5
-0.23340808548209632,-0.04450190225343103,0.2346846846846847,0.5,0.5,0.5
-0.23177133125061597,-0.05179147346269259,0.23503503503503503,0.5,0.5,0.5
-0.22990710453818178,-0.05902215134261867,0.2353853853853854,0.5,0.5,0.5
-0.22781748939332389,-0.06618684354522408,0.23573573573573575,0.5,0.5,0.5
-0.2255047908064936,-0.07327853050919073,0.2360860860860861,0.5,0.5,0.5
-0.22297153219475777,-0.08029027233664382,0.23643643643643644,0.5,0.5,0.5
-0.22022045267264698,-0.08721521558376265,0.2367867867867868,0.5,0.5,0.5
-0.2172545041120873,-0.09404659995858454,0.23713713713713716,0.5,0.5,0.5
-0.21407684799455393,-0.10077776491945427,0.2374874874874875,0.5,0.5,0.5
-0.21069085205878266,-0.10740215616768274,0.23783783783783785,0.5,0.5,0.5
-0.20710008674757963,-0.11391333202808632,0.2381881881881882,0.5,0.5,0.5
-0.20330832145746372,-0.1203049697111944,0.23853853853853857,0.5,0.5,0.5
-0.199319520595066,-0.12657087145104326,0.2388888888888889,0.5,0.5,0.5
-0.1951378394444,-0.1327049705125982,0.23923923923923926,0.5,0.5,0.5
-0.19076761984930132,-0.13870133706298157,0.2395895895895896,0.5,0.5,0.5
-0.18621338571550994,-0.1445541839008313,0.23993993993993995,0.5,0.5,0.5
-0.18147983833704648,-0.15025787203825386,0.2402902902902903,0.5,0.5,0.5
-0.1765718515517011,-0.15580691612999353,0.24064064064064067,0.5,0.5,0.5
-0.17149446673062102,-0.16119598974459204,0.240990990990991,0.5,0.5,0.5
-0.1662528876071369,-0.1664199304724803,0.24134134134134136,0.5,0.5,0.5
-0.16085247495012725,-0.1714737448661071,0.2416916916916917,0.5,0.5,0.5
-0.15529874108736827,-0.17635261320738116,0.24204204204204205,0.5,0.5,0.5
-0.1495973442844554,-0.18105189409788328,0.2423923923923924,0.5,0.5,0.5
-0.14375408298502534,-0.1855671288674822,0.24274274274274277,0.5,0.5,0.5
-0.13777488991813752,-0.18989404579717217,0.2430930930930931,0.5,0.5,0.5
-0.13166582607879648,-0.19402856415214373,0.24344344344344346,0.5,0.5,0.5
-0.12543307458772038,-0.19796679802128617,0.24379379379379382,0.5,0.5,0.5
-0.11908293443657354,-0.20170505995951818,0.24414414414414415,0.5,0.5,0.5
-0.11262181412498462,-0.20523986442954537,0.2444944944944945,0.5,0.5,0.5
-0.10605622519577698,-0.20856793103984106,0.24484484484484487,0.5,0.5,0.5
-0.09939277567492907,-0.21168618757585692,0.24519519519519523,0.5,0.5,0.5
-0.09263816342287384,-0.21459177282167377,0.24554554554554556,0.5,0.5,0.5
-0.08579916940382036,-0.21728203916951952,0.24589589589589592,0.5,0.5,0.5
-0.07888265087986539,-0.21975455501478777,0.24624624624624625,0.5,0.5,0.5
-0.0718955345367189,-0.22200710693441206,0.2465965965965966,0.5,0.5,0.5
-0.06484480954793642,-0.224037701646664,0.24694694694694697,0.5,0.5,0.5
-0.05773752058460286,-0.22584456775066342,0.24729729729729732,0.5,0.5,0.5
-0.05058076077745536,-0.22742615724411028,0.24764764764764766,0.5,0.5,0.5
-0.04338166463847826,-0.22878114681796868,0.24799799799799802,0.5,0.5,0.5
-0.03614740094903105,-0.22990843892705545,0.24834834834834835,0.5,0.5,0.5
-0.02888516562160148,-0.23080716263571066,0.2486986986986987,0.5,0.5,0.5
-0.02160217454228726,-0.23147667423795065,0.24904904904904906,0.5,0.5,0.5
-0.014305656401127465,-0.2319165576517286,0.24939939939939942,0.5,0.5,0.5
-0.007002845517408995,-0.23212662458715236,0.24974974974974976,0.5,0.5,0.5
0.00029902533293463095,-0.23210691448873372,0.2501001001001001,0.5,0.5,0.5
0.007592732080718868,-0.23185769425196795,0.25045045045045045,0.5,0.5,0.5
0.014871066510601673,-0.23137945771476404,0.2508008008008008,0.5,0.5,0.5
0.02212684338480789,-0.23067292492447278,0.25115115115115116,0.5,0.5,0.5
0.02935290753644103,-0.2297390411814774,0.2515015015015015,0.5,0.5,0.5
0.03654214092538231,-0.2285789758605348,0.2518518518518519,0.5,0.5,0.5
0.043687469649815784,-0.2271941210112748,0.25220220220220224,0.5,0.5,0.5
0.05078187090647687,-0.22558608973948074,0.25255255255255254,0.5,0.5,0.5
0.0578183798927743,-0.22375671437099182,0.2529029029029029,0.5,0.5,0.5
0.0647900966440002,-0.22170804440028202,0.25325325325325326,0.5,0.5,0.5
0.07169019279892079,-0.2194423442259795,0.2536036036036036,0.5,0.5,0.5
0.07851191828711176,-0.21696209067580183,0.253953953953954,0.5,0.5,0.5
0.0852486079314889,-0.2142699703235883,0.25430430430430434,0.5,0.5,0.5
0.09189368795957914,-0.21136887660131193,0.25465465465465464,0.5,0.5,0.5
0.09844068241717116,-0.20826190670915715,0.255005005005005,0.5,0.5,0.5
0.10488321947808675,-0.20495235832694456,0.25535535535535536,0.5,0.5,0.5
0.11121503764393062,-0.20144372613037753,0.2557057057057057,0.5,0.5,0.5
0.11742999182778477,-0.1977396981157764,0.2560560560560561,0.5,0.5,0.5
0.12352205931594035,-0.1938441517371512,0.25640640640640644,0.5,0.5,0.5
0.1294853456018827,-0.18976114985964765,0.2567567567567568,0.5,0.5,0.5
0.1353140900868843,-0.185494936533576,0.2571071071071071,0.5,0.5,0.5
0.14100267164169308,-0.1810499325934084,0.25745745745745746,0.5,0.5,0.5
0.14654561402394936,-0.17643073108630028,0.2578078078078078,0.5,0.5,0.5
0.15193759114611544,-0.17164209253485113,0.2581581581581582,0.5,0.5,0.5
0.15717343218885377,-0.16668894003898388,0.25850850850850854,0.5,0.5,0.5
0.16224812655494725,-0.16157635422197622,0.2588588588588589,0.5,0.5,0.5
0.16715682865902312,-0.15630956802582205,0.2592092092092092,0.5,0.5,0.5
0.17189486254850553,-0.15089396136125122,0.25955955955955956,0.5,0.5,0.5
0.1764577263513968,-0.14533505561786902,0.2599099099099099,0.5,0.5,0.5
0.18084109654666225,-0.13963850804001499,0.2602602602602603,0.5,0.5,0.5
0.18504083205317653,-0.13381010597406148,0.26061061061061064,0.5,0.5,0.5
0.18905297813337194,-0.12785576099299947,0.260960960960961,0.5,0.5,0.5
0.19287377010791645,-0.12178150290427309,0.26131131131131136,0.5,0.5,0.5
0.19649963687794383,-0.1155934736469305,0.26166166166166166,0.5,0.5,0.5
0.1999272042515506,-0.1092979210842666,0.262012012012012,0.5,0.5,0.5
0.20315329807147142,-0.10290119269822852,0.2623623623623624,0.5,0.5,0.5
0.20617494714104914,-0.0964097291919432,0.26271271271271274,0.5,0.5,0.5
0.20898938594581495,-0.08983005800681346,0.2630630630630631,0.5,0.5,0.5
0.21159405716820134,-0.08316878676070792,0.2634134134134134,0.5,0.5,0.5
0.2139866139931202,-0.07643259661383577,0.26376376376376376,0.5,0.5,0.5
0.21616492220234498,-0.06962823556896841,0.2641141141141141,0.5,0.5,0.5
0.21812706205585178,-0.06276251171272335,0.2644644644644645,0.5,0.5,0.5
0.21987132995848307,-0.05584228640468109,0.26481481481481484,0.5,0.5,0.5
0.2213962399105172,-0.048874467421144735,0.2651651651651652,0.5,0.5,0.5
0.22270052474094004,-0.04186600206039408,0.26551551551551555,0.5,0.5,0.5
0.22378313712243175,-0.034823870216317124,0.2658658658658659,0.5,0.5,0.5
0.22464325036730198,-0.02775507742732071,0.2662162162162162,0.5,0.5,0.5
0.22528025900382265,-0.02066664790744393,0.2665665665665666,0.5,0.5,0.5
0.22569377913262667,-0.013565617566608292,0.26691691691691694,0.5,0.5,0.5
0.22588364856306042,-0.006459027026936418,0.2672672672672673,0.5,0.5,0.5
0.22584992672959528,0.0006460853579260195,0.26761761761761765,0.5,0.5,0.5
0.22559289438862234,0.0077426904735661255,0.26796796796796796,0.5,0.5,0.5
0.22511305309617144,0.014823775398730494,0.2683183183183183,0.5,0.5,0.5
0.22441112446731357,0.021882350335547023,0.2686686686686687,0.5,0.5,0.5
0.22348804921822032,0.028911455509191573,0.26901901901901903,0.5,0.5,0.5
0.22234498599206937,0.035904168030186916,0.2693693693693694,0.5,0.5,0.5
0.22098330997019866,0.04285360871257155,0.26971971971971975,0.5,0.5,0.5
0.21940461127012215,0.04975294884122156,0.2700700700700701,0.5,0.5,0.5
0.21761069313223189,0.056595416881666714,0.27042042042042047,0.5,0.5,0.5
0.21560356989721632,0.06337430512581158,0.2707707707707708,0.5,0.5,0.5
0.2133854647764328,0.07008297626703805,0.27112112112112113,0.5,0.5,0.5
0.21095880741767373,0.0767148698982429,0.2714714714714715,0.5,0.5,0.5
0.20832623126896638,0.0832635089264531,0.27182182182182185,0.5,0.5,0.5
0.20549057074324464,0.08972250589774418,0.27217217217217216,0.5,0.5,0.5
0.2024548581869247,0.09608556922628926,0.2725225225225225,0.5,0.5,0.5
0.19922232065560908,0.10234650932146169,0.2728728728728729,0.5,0.5,0.5
0.1957963765003293,0.10849924460702966,0.27322322322322323,0.5,0.5,0.5
0.19218063176792452,0.11453780742658931,0.2735735735735736,0.5,0.5,0.5
0.1883788764193316,0.12045634982950217,0.27392392392392395,0.5,0.5,0.5
0.18439508036974023,0.12624914923173264,0.2742742742742743,0.5,0.5,0.5
0.1802333893547374,0.1319106139461067,0.27462462462462467,0.5,0.5,0.5
0.17589812062673726,0.1374352885766488,0.274974974974975,0.5,0.5,0.5
0.17139375848615096,0.14281785927179963,0.27532532532532533,0.5,0.5,0.5
0.1667249496519142,0.14805315883145764,0.2756756756756757,0.5,0.5,0.5
0.1618964984761446,0.15313617166293944,0.27602602602602605,0.5,0.5,0.5
0.15691336200784675,0.15806203858111306,0.2763763763763764,0.5,0.5,0.5
0.15178064491073134,0.16282606144811243,0.2767267267267267,0.5,0.5,0.5
0.14650359424035136,0.16742370764821068,0.27707707707707707,0.5,0.5,0.5
0.1410875940858946,0.17185061439359411,0.27742742742742743,0.5,0.5,0.5
0.13553816008209682,0.17610259285695545,0.2777777777777778,0.5,0.5,0.5
0.1298609337968651,0.18017563212699877,0.27812812812812815,0.5,0.5,0.5
0.12406167700031975,0.18406590298312786,0.2784784784784785,0.5,0.5,0.5
0.11814626582106934,0.1877697614857769,0.27882882882882887,0.5,0.5,0.5
0.11212068479564319,0.19128375237902623,0.2791791791791792,0.5,0.5,0.5
0.10599102081710604,0.1946046123023361,0.27952952952952953,0.5,0.5,0.5
0.09976345698896705,0.19772927280842695,0.2798798798798799,0.5,0.5,0.5
0.09344426639058935,0.20065486318452708,0.28023023023023025,0.5,0.5,0.5
0.08703980576038253,0.20337871307441047,0.2805805805805806,0.5,0.5,0.5
0.08055650910313893,0.20589835489884337,0.28093093093093097,0.5,0.5,0.5
0.07400088122793821,0.2082115260722669,0.28128128128128127,0.5,0.5,0.5
0.06737949122310988,0.21031617101374295,0.28163163163163163,0.5,0.5,0.5
0.060698965874799754,0.2122104429503984,0.281981981981982,0.5,0.5,0.5
0.05396598303572975,0.21389270551181241,0.28233233233233235,0.5,0.5,0.5
0.04718726495078735,0.21536153411399817,0.2826826826826827,0.5,0.5,0.5
0.04036957154611661,0.21661571713184266,0.28303303303303307,0.5,0.5,0.5
0.033519693688406446,0.21765425685907844,0.2833833833833834,0.5,0.5,0.5
0.02664444642109885,0.2184763702550739,0.2837337337337338,0.5,0.5,0.5
0.019750662184255318,0.21908148947794043,0.2840840840840841,0.5,0.5,0.5
0.012845184024822986,0.21946926220366791,0.28443443443443445,0.5,0.5,0.5
0.0059348588040506745,0.219639551731213,0.2847847847847848,0.5,0.5,0.5
-0.0009734695912051131,0.2195924368736759,0.28513513513513516,0.5,0.5,0.5
-0.007872967026550094,0.21932821163591626,0.2854854854854855,0.5,0.5,0.5
-0.01475681588078888,0.2188473846791659,0.2858358358358358,0.5,0.5,0.5
-0.02161822178263854,0.21815067857341341,0.2861861861861862,0.5,0.5,0.5
-0.028450420316760528,0.21723902883853857,0.28653653653653655,0.5,0.5,0.5
-0.03524668369249567,0.21611358277538792,0.2868868868868869,0.5,0.5,0.5
-0.04200032736872609,0.21477569808818817,0.28723723723723726,0.5,0.5,0.5
-0.04870471662833895,0.21322694129990052,0.2875875875875876,0.5,0.5,0.5
-0.055353273095829755,0.2114690859623214,0.287937937937938,0.5,0.5,0.5
-0.06193948119163985,0.20950411066293834,0.28828828828828834,0.5,0.5,0.5
-0.06845689451689725,0.20733419683074844,0.28863863863863864,0.5,0.5,0.5
-0.0748991421623044,0.204961726343444,0.288988988988989,0.5,0.5,0.5
-0.08125993493499906,0.20238927893856506,0.28933933933933936,0.5,0.5,0.5
-0.08753307149730497,0.19961962943140837,0.2896896896896897,0.5,0.5,0.5
-0.09371244441137648,0.1966557447426751,0.29004004004004,0.5,0.5,0.5
-0.09979204608385304,0.19350078073901913,0.2903903903903904,0.5,0.5,0.5
-0.10576597460473393,0.19015807888984562,0.29074074074074074,0.5,0.5,0.5
-0.11162843947480171,0.18663116274388517,0.2910910910910911,0.5,0.5,0.5
-0.11737376721603984,0.1829237342292433,0.29144144144144146,0.5,0.5,0.5
-0.12299640685960597,0.17903966978080024,0.2917917917917918,0.5,0.5,0.5
-0.1284909353060617,0.17498301629899646,0.2921421421421422,0.5,0.5,0.5
-0.1338520625526805,0.17075798694420782,0.29249249249249254,0.5,0.5,0.5
-0.13907463678280096,0.16636895677107055,0.29284284284284284,0.5,0.5,0.5
-0.14415364931233193,0.16182045820727015,0.2931931931931932,0.5,0.5,0.5
-0.14908423938866627,0.15711717638145634,0.29354354354354356,0.5,0.5,0.5
-0.15386169883740566,0.15226394430509588,0.2938938938938939,0.5,0.5,0.5
-0.15848147655246547,0.1472657379132061,0.2942442442442443,0.5,0.5,0.5
-0.16293918282527883,0.1421276709690549,0.2945945945945946,0.5,0.5,0.5
-0.1672305935089902,0.13685498983803665,0.29494494494494494,0.5,0.5,0.5
-0.1713516540136949,0.1314530681360605,0.2952952952952953,0.5,0.5,0.5
-0.17529848312895335,0.12592740125790436,0.29564564564564566,0.5,0.5,0.5
-0.17906737666998632,0.12028360079110002,0.295995995995996,0.5,0.5,0.5
-0.1826548109441322,0.11452738882102824,0.2963463463463464,0.5,0.5,0.5
-0.18605744603433638,0.10866459213299284,0.29669669669669674,0.5,0.5,0.5
-0.18927212889662257,0.10270113631715032,0.2970470470470471,0.5,0.5,0.5
-0.19229589626868565,0.09664303978225379,0.2973973973973974,0.5,0.5,0.5
-0.19512597738693785,0.09049640768425715,0.29774774774774776,0.5,0.5,0.5
-0.19775979650953293,0.08426742577589957,0.2980980980980981,0.5,0.5,0.5
-0.20019497524308472,0.07796235418346945,0.2984484484484485,0.5,0.5,0.5
-0.20242933467100163,0.07158752111700013,0.29879879879879884,0.5,0.5,0.5
-0.2044608972815502,0.06514931652022055,0.29914914914914914,0.5,0.5,0.5
-0.20628788869396605,0.0586541856666293,0.2994994994994995,0.5,0.5,0.5
-0.207908739181133,0.0521086227081094,0.29984984984984986,0.5,0.5,0.5
-0.20932208498755256,0.045519164182540574,0.3002002002002002,0.5,0.5,0.5
-0.2105267694415341,0.03889238248689672,0.3005505505505506,0.5,0.5,0.5
-0.21152184386073689,0.03223487932235081,0.30090090090090094,0.5,0.5,0.5
-0.212306568250407,0.02555327911791668,0.3012512512512513,0.5,0.5,0.5
-0.2128804117938542,0.01885422243918432,0.30160160160160165,0.5,0.5,0.5
-0.21324305313492245,0.012144359388703976,0.30195195195195196,0.5,0.5,0.5
-0.213394380452415,0.005430343004578666,0.3023023023023023,0.5,0.5,0.5
-0.2133344913266408,-0.0012811773361818299,0.3026526526526527,0.5,0.5,0.5
-0.21306369239845563,-0.007983562503007,0.30300300300300304,0.5,0.5,0.5
-0.21258249882137623,-0.014670190179284054,0.30335335335335334,0.5,0.5,0.5
-0.21189163350755266,-0.021334461405559692,0.3037037037037037,0.5,0.5,0.5
-0.21099202616858437,-0.02796980709195453,0.30405405405405406,0.5,0.5,0.5
-0.2098848121523719,-0.03456969449336541,0.3044044044044044,0.5,0.5,0.5
-0.20857133107739417,-0.04112763364107225,0.3047547547547548,0.5,0.5,0.5
-0.20705312526600309,-0.047637183724419864,0.30510510510510513,0.5,0.5,0.5
-0.20533193797852345,-0.054091959416294015,0.3054554554554555,0.5,0.5,0.5
-0.20340971145014308,-0.06048563713618737,0.30580580580580585,0.5,0.5,0.5
-0.20128858473276984,-0.0668119612447069,0.30615615615615616,0.5,0.5,0.5
-0.19897089134422585,-0.07306475016345754,0.3065065065065065,0.5,0.5,0.5
-0.19645915672733621,-0.07923790241431539,0.3068568568568569,0.5,0.5,0.5
-0.1937560955216546,-0.08532540257219054,0.30720720720720723,0.5,0.5,0.5
-0.1908646086507528,-0.09132132712547525,0.3075575575575576,0.5,0.5,0.5
-0.1877877802281815,-0.09721985023846395,0.3079079079079079,0.5,0.5,0.5
-0.18452887428538148,-0.10301524941014777,0.30825825825825826,0.5,0.5,0.5
-0.18109133132500438,-0.10870191102388385,0.3086086086086086,0.5,0.5,0.5
-0.17747876470326523,-0.11427433578256126,0.308958958958959,0.5,0.5,0.5
-0.17369495684511876,-0.11972714402400328,0.30930930930930933,0.5,0.5,0.5
-0.16974385529620986,-0.12505508091147233,0.3096596596596597,0.5,0.5,0.5
-0.16562956861571065,-0.1302530214942687,0.31001001001001005,0.5,0.5,0.5
-0.16135636211430315,-0.1353159756335588,0.3103603603603604,0.5,0.5,0.5
-0.15692865344172172,-0.140239092788698,0.3107107107107107,0.5,0.5,0.5
-0.15235100802841028,-0.14501766665946336,0.3110610610610611,0.5,0.5,0.5
-0.14762813438598962,-0.1496471396797579,0.31141141141141143,0.5,0.5,0.5
-0.1427648792713649,-0.15412310735850113,0.3117617617617618,0.5,0.5,0.5
-0.13776622271943237,-0.1584413224635788,0.31211211211211215,0.5,0.5,0.5
-0.132637272949473,-0.16259769904488017,0.31246246246246245,0.5,0.5,0.5
-0.1273832611504322,-0.16658831629262452,0.3128128128128128,0.5,0.5,0.5
-0.12200953615040762,-0.17040942222733832,0.31316316316316317,0.5,0.5,0.5
-0.11652155897577061,-0.17405743721801994,0.31351351351351353,0.5,0.5,0.5
-0.110924897305452,-0.17752895732520313,0.3138638638638639,0.5,0.5,0.5
-0.10522521982601803,-0.18082075746580878,0.31421421421421425,0.5,0.5,0.5
-0.0994282904932613,-0.18392979439685125,0.3145645645645646,0.5,0.5,0.5
-0.09353996270610583,-0.18685320951525616,0.31491491491491497,0.5,0.5,0.5
-0.0875661733987174,-0.18958833147122495,0.31526526526526527,0.5,0.5,0.5
-0.08151293705677773,-0.19213267859277455,0.31561561561561563,0.5,0.5,0.5
-0.07538633966395125,-0.19448396111926855,0.315965965965966,0.5,0.5,0.5
-0.06919253258463627,-0.19664008324194968,0.31631631631631635,0.5,0.5,0.5
-0.06293772638914492,-0.19859914494967726,0.3166666666666667,0.5,0.5,0.5
-0.05662818462751467,-0.20035944367826714,0.317017017017017,0.5,0.5,0.5
-0.05027021755818464,-0.20191947576203256,0.31736736736736737,0.5,0.5,0.5
-0.04387017583782052,-0.20327793768631788,0.31771771771771773,0.5,0.5,0.5
-0.03743444417859485,-0.2044337271400194,0.3180680680680681,0.5,0.5,0.5
-0.030969434979257675,-0.20538594386728626,0.31841841841841845,0.5,0.5,0.5
-0.024481581936350222,-0.20613389031779436,0.3187687687687688,0.5,0.5,0.5
-0.017977333641924574,-0.2066770720951884,0.31911911911911917,0.5,0.5,0.5
-0.011463147174145483,-0.20701519820348596,0.3194694694694695,0.5,0.5,0.5
-0.004945481687137316,-0.20714818109144165,0.31981981981981983,0.5,0.5,0.5
0.001569207993554944,-0.20707613649506584,0.3201701701701702,0.5,0.5,0.5
0.008074477763542441,-0.20679938307869733,0.32052052052052055,0.5,0.5,0.5
0.014563900613875339,-0.20631844187522436,0.3208708708708709,0.5,0.5,0.5
0.0210310729807288,-0.20563403552625165,0.3212212212212212,0.5,0.5,0.5
0.02746962106421333,-0.20474708732320507,0.32157157157157157,0.5,0.5,0.5
0.033873207110081564,-0.20365872005056454,0.3219219219219219,0.5,0.5,0.5
0.040235535648135236,-0.2023702546326097,0.3222722722722723,0.5,0.5,0.5
0.046550359681194,-0.20088320858525713,0.32262262262262265,0.5,0.5,0.5
0.05281148681854158,-0.19919929427475927,0.322972972972973,0.5,0.5,0.5
0.05901278534782748,-0.19732041698522462,0.32332332332332336,0.5,0.5,0.5
0.06514819023947276,-0.19524867279710656,0.3236736736736737,0.5,0.5,0.5
0.07121170907769558,-0.1929863462789947,0.324024024024024,0.5,0.5,0.5
0.07719742791236439,-0.1905359079952225,0.3243743743743744,0.5,0.5,0.5
0.0830995170259595,-0.18790001183198712,0.32472472472472474,0.5,0.5,0.5
0.08891223661002295,-0.18508149214485456,0.3250750750750751,0.5,0.5,0.5
0.09462994234557005,-0.18208336073069514,0.3254254254254254,0.5,0.5,0.5
0.10024709088204033,-0.17890880362726702,0.32577577577577577,0.5,0.5,0.5
0.1057582452094672,-0.17556117774383329,0.3261261261261261,0.5,0.5,0.5
0.11115807991866784,-0.1720440073263585,0.3264764764764765,0.5,0.5,0.5
0.11644138634436255,-0.1683609802609953,0.32682682682682684,0.5,0.5,0.5
0.12160307758626074,-0.16451594421972415,0.3271771771771772,0.5,0.5,0.5
0.12663819340327662,-0.16051290265216345,0.32752752752752756,0.5,0.5,0.5
0.1315419049761686,-0.15635601062771512,0.3278778778778779,0.5,0.5,0.5
0.13630951953403603,-0.15204957053235169,0.3282282282282283,0.5,0.5,0.5
0.14093648484023996,-0.14759802762449717,0.32857857857857864,0.5,0.5,0.5
0.1454183935334716,-0.14300596545457797,0.32892892892892894,0.5,0.5,0.5
0.14975098731982908,-0.13827810115296058,0.3292792792792793,0.5,0.5,0.5
0.15393016101192405,-0.1334192805911104,0.32962962962962966,0.5,0.5,0.5
0.15795196641119288,-0.12843447342093123,0.32997997997997996,0.5,0.5,0.5
0.16181261602975003,-0.12332876799735423,0.3303303303303303,0.5,0.5,0.5
0.16550848664828016,-0.11810736618936411,0.3306806806806807,0.5,0.5,0.5
0.1690361227066404,-0.11277557808474271,0.33103103103103104,0.5,0.5,0.5
0.172392239524007,-0.1073388165939208,0.3313813813813814,0.5,0.5,0.5
0.17557372634557794,-0.10180259195841547,0.33173173173173176,0.5,0.5,0.5
0.1785776492130175,-0.09617250616942158,0.3320820820820821,0.5,0.5,0.5
0.18140125365600787,-0.09045424730220769,0.3324324324324325,0.5,0.5,0.5
0.18404196720245453,-0.08465358377204181,0.33278278278278284,0.5,0.5,0.5
0.18649740170507143,-0.07877635851744956,0.3331331331331332,0.5,0.5,0.5
0.188765355482264,-0.07282848311666221,0.3334834834834835,0.5,0.5,0.5
0.19084381527140884,-0.0668159318431812,0.33383383383383386,0.5,0.5,0.5
0.19273095799281972,-0.06074473566643371,0.3341841841841842,0.5,0.5,0.5
0.1944251523228813,-0.05462097620354222,0.3345345345345345,0.5,0.5,0.5
0.19592496007502075,-0.04845077962827308,0.3348848848848849,0.5,0.5,0.5
0.19722913738738276,-0.04224031054326141,0.33523523523523524,0.5,0.5,0.5
0.19833663571626312,-0.03599576582164608,0.3355855855855856,0.5,0.5,0.5
0.1992466026345549,-0.029723368424259374,0.33593593593593596,0.5,0.5,0.5
0.19995838243465197,-0.023429361198544902,0.3362862862862863,0.5,0.5,0.5
0.20047151653545103,-0.017120000665380424,0.3366366366366367,0.5,0.5,0.5
0.2007857436932891,-0.010801550799989859,0.33698698698698704,0.5,0.5,0.5
0.20090100001684735,-0.00448027681312396,0.3373373373373374,0.5,0.5,0.5
0.20081741878624695,0.0018375610613110948,0.3376876876876877,0.5,0.5,0.5
0.20053533007675792,0.008145713766024383,0.33803803803803806,0.5,0.5,0.5
0.2000552601877338,0.014437949601364967,0.3383883883883884,0.5,0.5,0.5
0.19937793087758002,0.020708060381489063,0.3387387387387387,0.5,0.5,0.5
0.19850425840575334,0.026949867559587802,0.3390890890890891,0.5,0.5,0.5
0.19743535238298165,0.033157228316131805,0.33943943943943944,0.5,0.5,0.5
0.19617251443108216,0.03932404160413557,0.3397897897897898,0.5,0.5,0.5
0.1947172366539436,0.045444254145487216,0.34014014014014016,0.5,0.5,0.5
0.19307119992142285,0.05151186637245744,0.3404904904904905,0.5,0.5,0.5
0.19123627196809215,0.05752093830855104,0.3408408408408409,0.5,0.5,0.5
0.18921450530895223,0.06346559538293885,0.34119119119119123,0.5,0.5,0.5
0.18700813497440794,0.06934003417277868,0.3415415415415416,0.5,0.5,0.5
0.18461957606697785,0.07513852806781483,0.34189189189189195,0.5,0.5,0.5
0.18205142114238693,0.08085543285172317,0.34224224224224226,0.5,0.5,0.5
0.17930643741785648,0.08648519219476959,0.3425925925925926,0.5,0.5,0.5
0.17638756381058088,0.09202234305243337,0.342942942942943,0.5,0.5,0.5
0.17329790780954002,0.09746152096475355,0.3432932932932933,0.5,0.5,0.5
0.17004074218396134,0.10279746525125914,0.34364364364364364,0.5,0.5,0.5
0.1666195015319028,0.10802502409645497,0.343993993993994,0.5,0.5,0.5
0.1630377786725806,0.11313915952095066,0.34434434434434436,0.5,0.5,0.5
0.15929932088622178,0.11813495223343508,0.3446946946946947,0.5,0.5,0.5
0.15540802600536058,0.12300760635883226,0.3450450450450451,0.5,0.5,0.5
0.15136793836164789,0.127752454038094,0.34539539539539543,0.5,0.5,0.5
0.14718324459237708,0.13236495989522312,0.3457457457457458,0.5,0.5,0.5
0.14285826931106527,0.13684072536725717,0.34609609609609615,0.5,0.5,0.5
0.13839747064655752,0.14117549289308506,0.3464464464464465,0.5,0.5,0.5
0.13380543565525074,0.1453651499571098,0.3467967967967968,0.5,0.5,0.5
0.12908687561114648,0.1494057329839284,0.3471471471471472,0.5,0.5,0.5
0.12424662117856652,0.15329343108034427,0.34749749749749753,0.5,0.5,0.5
0.11928961747246838,0.15702458962118782,0.34784784784784784,0.5,0.5,0.5
0.1142209190114085,0.1605957136755811,0.3481981981981982,0.5,0.5,0.5
0.10904568456829813,0.1640034712704422,0.34854854854854855,0.5,0.5,0.5
0.10376917192419177,0.16724469648819512,0.3488988988988989,0.5,0.5,0.5
0.09839673253044391,0.1703163923958131,0.34924924924924927,0.5,0.5,0.5
0.09293380608464334,0.17321573380250244,0.34959959959959963,0.5,0.5,0.5
0.08738591502582398,0.175940069843501,0.34994994994995,0.5,0.5,0.5
0.08175865895451809,0.17848692638764413,0.35030030030030035,0.5,0.5,0.5
0.07605770898328813,0.18085400826652906,0.3506506506506507,0.5,0.5,0.5
0.07028880202343285,0.1830392013232894,0.351001001001001,0.5,0.5,0.5
0.06445773501362598,0.18504057427916923,0.35135135135135137,0.5,0.5,0.5
0.05857035909628594,0.18685638041627622,0.35170170170170173,0.5,0.5,0.5
0.05263257374752984,0.18848505907507146,0.3520520520520521,0.5,0.5,0.5
0.0466503208665981,0.18992523696534375,0.3524024024024024,0.5,0.5,0.5
0.0406295788306704,0.19117572928960136,0.35275275275275275,0.5,0.5,0.5
0.034576356521021145,0.19223554067800205,0.3531031031031031,0.5,0.5,0.5
0.028496687326480915,0.19310386593413173,0.35345345345345347,0.5,0.5,0.5
0.022396623130192916,0.19378009059112897,0.35380380380380383,0.5,0.5,0.5
0.01628222828565024,0.1942637912778436,0.3541541541541542,0.5,0.5,0.5
0.010159573588015072,0.1945547358949064,0.35450450450450455,0.5,0.5,0.5
0.004034730246710819,0.19465288360077448,0.3548548548548549,0.5,0.5,0.5
-0.002086236134728296,0.1945583846080084,0.35520520520520527,0.5,0.5,0.5
-0.008197271565580304,0.1942715797902225,0.35555555555555557,0.5,0.5,0.5
-0.014292339655684532,0.19379300010033937,0.35590590590590593,0.5,0.5,0.5
-0.020365427578089203,0.1931233658009667,0.3562562562562563,0.5,0.5,0.5
-0.026410552000714675,0.19226358550789757,0.3566066066066066,0.5,0.5,0.5
-0.032421764981175626,0.1912147550479227,0.35695695695695695,0.5,0.5,0.5
-0.03839315981895665,0.18997815613232533,0.3573073073073073,0.5,0.5,0.5
-0.04431887685918284,0.18855525484760965,0.35765765765765767,0.5,0.5,0.5
-0.05019310924228497,0.18694769996519534,0.358008008008008,0.5,0.5,0.5
-0.056010108593912714,0.18515732107198682,0.3583583583583584,0.5,0.5,0.5
-0.061764190649528004,0.18318612652390304,0.35870870870870875,0.5,0.5,0.5
-0.0674497408081704,0.18103630122462483,0.3590590590590591,0.5,0.5,0.5
-0.07306121960997117,0.1787102042319904,0.35940940940940946,0.5,0.5,0.5
-0.07859316813207283,0.1762103661946353,0.3597597597597598,0.5,0.5,0.5
-0.08404021329769906,0.17353948662164015,0.3601101101101101,0.5,0.5,0.5
-0.08939707309321507,0.17070043098811102,0.3604604604604605,0.5,0.5,0.5
-0.09465856168810942,0.1676962276797784,0.36081081081081084,0.5,0.5,0.5
-0.09981959445294332,0.1645300647798532,0.36116116116116115,0.5,0.5,0.5
-0.10487519287040904,0.1612052867015354,0.3615115115115115,0.5,0.5,0.5
-0.10982048933475871,0.1577253906697165,0.36186186186186187,0.5,0.5,0.5
-0.1146507318349794,0.15409402305556463,0.3622122122122122,0.5,0.5,0.5
-0.11936128851721349,0.15031497556782003,0.3625625625625626,0.5,0.5,0.5
-0.12394765212204421,0.14639218130477108,0.36291291291291294,0.5,0.5,0.5
-0.12840544429240508,0.1423297106710073,0.3632632632632633,0.5,0.5,0.5
-0.13273041974799643,0.1381317671631818,0.36361361361361366,0.5,0.5,0.5
-0.1369184703222371,0.13380268302913634,0.363963963963964,0.5,0.5,0.5
-0.14096562885791716,0.12934691480486407,0.3643143143143144,0.5,0.5,0.5
-0.1448680729578646,0.12476903873390004,0.3646646646646647,0.5,0.5,0.5
-0.14862212858708929,0.1200737460738401,0.36501501501501504,0.5,0.5,0.5
-0.1522242735230134,0.11526583829479878,0.3653653653653654,0.5,0.5,0.5
-0.15567114065056303,0.11035022217471048,0.3657157157157157,0.5,0.5,0.5
-0.15895952109904413,0.10533190479648233,0.36606606606606606,0.5,0.5,0.5
-0.1620863672178932,0.10021598845209352,0.3664164164164164,0.5,0.5,0.5
-0.165048795388555,0.09500766545882415,0.3667667667667668,0.5,0.5,0.5
-0.1678440886699069,0.08971221289287379,0.36711711711711714,0.5,0.5,0.5
-0.17046969927481567,0.08433498724571321,0.3674674674674675,0.5,0.5,0.5
-0.17292325087558838,0.07888141900857096,0.36781781781781786,0.5,0.5,0.5
-0.17520254073624691,0.07335700719053173,0.3681681681681682,0.5,0.5,0.5
-0.17730554166973425,0.0677673137757767,0.3685185185185186,0.5,0.5,0.5
-0.17923040381833422,0.06211795812555031,0.3688688688688689,0.5,0.5,0.5
-0.18097545625576703,0.05641461133048713,0.36921921921921924,0.5,0.5,0.5
-0.18253920840960094,0.05066299051897089,0.3695695695695696,0.5,0.5,0.5
-0.183920351302799,0.04486885312724197,0.3699199199199199,0.5,0.5,0.5
-0.185117758613406,0.03903799113698832,0.37027027027027026,0.5,0.5,0.5
-0.18613048755155723,0.0331762252861914,0.3706206206206206,0.5,0.5,0.5
-0.18695777955317716,0.027289399259010683,0.370970970970971,0.5,0.5,0.5
-0.18759906078991803,0.02138337386050614,0.37132132132132134,0.5,0.5,0.5
-0.18805394249507065,0.015464021182005643,0.3716716716716717,0.5,0.5,0.5
-0.18832222110536567,0.00953721876292353,0.37202202202202206,0.5,0.5,0.5
-0.1884038782187626,0.0036088437548396227,0.3723723723723724,0.5,0.5,0.5
-0.18829908036851203,-0.002315232906373398,0.3727227227227228,0.5,0.5,0.5
-0.18800817861395344,-0.008229152314590375,0.37307307307307314,0.5,0.5,0.5
-0.18753170794869573,-0.014127073387886059,0.37342342342342344,0.5,0.5,0.5
-0.186870386527009,-0.020003178637668213,0.3737737737737738,0.5,0.5,0.5
-0.18602511470943178,-0.025851679906795245,0.37412412412412416,0.5,0.5,0.5
-0.18499697392878203,-0.03166682407101371,0.37447447447447446,0.5,0.5,0.5
-0.18378722537793138,-0.03744289869810639,0.3748248248248248,0.5,0.5,0.5
-0.18239730852088248,-0.04317423765917917,0.3751751751751752,0.5,0.5,0.5
-0.18082883942885983,-0.04885522668657752,0.37552552552552554,0.5,0.5,0.5
-0.17908360894329692,-0.0544803088729806,0.3758758758758759,0.5,0.5,0.5
-0.17716358066777455,-0.060043990106285375,0.37622622622622626,0.5,0.5,0.5
-0.17507088879112698,-0.06554084443497196,0.3765765765765766,0.5,0.5,0.5
-0.17280783574410444,-0.07096551935870267,0.376926926926927,0.5,0.5,0.5
-0.17037688969213946,-0.07631274103900122,0.37727727727727733,0.5,0.5,0.5
-0.16778068186691944,-0.08157731942494731,0.3776276276276277,0.5,0.5,0.5
-0.16502200373963777,-0.08675415328889083,0.377977977977978,0.5,0.5,0.5
-0.16210380403893135,-0.09183823516732066,0.37832832832832836,0.5,0.5,0.5
-0.15902918561668233,-0.0968246562020851,0.3786786786786787,0.5,0.5,0.5
-0.1558014021649897,-0.10170861087730496,0.379029029029029,0.5,0.5,0.5
-0.152423854787779,-0.10648540164739263,0.3793793793793794,0.5,0.5,0.5
-0.14890008843063976,-0.1111504434517406,0.37972972972972974,0.5,0.5,0.5
-0.14523378817263286,-0.11569926811173038,0.3800800800800801,0.5,0.5,0.5
-0.1414287753839332,-0.12012752860585467,0.38043043043043046,0.5,0.5,0.5
-0.1374890037532984,-0.12443100321887247,0.3807807807807808,0.5,0.5,0.5
-0.13341855518949347,-0.12860559956102838,0.3811311311311312,0.5,0.5,0.5
-0.12922163560089908,-0.1326473584535319,0.38148148148148153,0.5,0.5,0.5
-0.12490257055767137,-0.13655245767659757,0.3818318318318319,0.5,0.5,0.5
-0.12046580084090668,-0.14031721557652016,0.3821821821821822,0.5,0.5,0.5
-0.11591587788339515,-0.14393809452837666,0.38253253253253255,0.5,0.5,0.5
-0.11125745910663291,-0.147411704251112,0.3828828828828829,0.5,0.5,0.5
-0.10649530315885963,-0.1507348049719148,0.3832332332332333,0.5,0.5,0.5
-0.10163426505899736,-0.15390431043693079,0.3835835835835836,0.5,0.5,0.5
-0.09667929125142562,-0.15691729076553887,0.38393393393393394,0.5,0.5,0.5
-0.09163541457664238,-0.15977097514555125,0.3842842842842843,0.5,0.5,0.5
-0.08650774916290385,-0.1624627543668834,0.38463463463463465,0.5,0.5,0.5
-0.0813014852440385,-0.1649901831913831,0.384984984984985,0.5,0.5,0.5
-0.076021883908678,-0.16735098255668746,0.38533533533533537,0.5,0.5,0.5
-0.07067427178620818,-0.16954304161214265,0.38568568568568573,0.5,0.5,0.5
-0.06526403567482039,-0.17156441958498136,0.3860360360360361,0.5,0.5,0.5
-0.05979661711706038,-0.17341334747513967,0.38638638638638645,0.5,0.5,0.5
-0.05427750692835094,-0.17508822957725237,0.38673673673673675,0.5,0.5,0.5
-0.0487122396839819,-0.17658764482854955,0.3870870870870871,0.5,0.5,0.5
-0.04310638817009549,-0.17791034798155056,0.38743743743743747,0.5,0.5,0.5
-0.037465557804245125,-0.1790552706006213,0.3877877877877878,0.5,0.5,0.5
-0.031795381031093244,-0.18002152188164613,0.38813813813813813,0.5,0.5,0.5
-0.02610151169887113,-0.1808083892942344,0.3884884884884885,0.5,0.5,0.5
-0.020389619422194943,-0.18141533904606574,0.38883883883883885,0.5,0.5,0.5
-0.014665383936874318,-0.18184201636914965,0.3891891891891892,0.5,0.5,0.5
-0.008934489452327618,-0.1820882456279571,0.38953953953953957,0.5,0.5,0.5
-0.003202619007212849,-0.18215403024955687,0.38988988988988993,0.5,0.5,0.5
0.0025245511661048966,-0.18203955247606562,0.3902402402402403,0.5,0.5,0.5
0.008241357262681116,-0.18174517293989953,0.39059059059059065,0.5,0.5,0.5
0.013942153506127474,-0.18127143006248708,0.390940940940941,0.5,0.5,0.5
0.019621317724236167,-0.1806190392772824,0.3912912912912913,0.5,0.5,0.5
0.025273256893570538,-0.17978889207808613,0.39164164164164167,0.5,0.5,0.5
0.030892412647560454,-0.17878205489385965,0.39199199199199203,0.5,0.5,0.5
0.03647326674268439,-0.177599767791383,0.39234234234234233,0.5,0.5,0.5
0.042010346477346965,-0.1762434430072826,0.3926926926926927,0.5,0.5,0.5
0.04749823005815048,-0.17471466331111632,0.39304304304304305,0.5,0.5,0.5
0.05293155190827888,-0.17301518020137563,0.3933933933933934,0.5,0.5,0.5
0.05830500791281665,-0.17114691193642131,0.39374374374374377,0.5,0.5,0.5
0.06361336059585987,-0.16911194140253724,0.3940940940940941,0.5,0.5,0.5
0.06885144422437373,-0.16691251382144257,0.3944444444444445,0.5,0.5,0.5
0.07401416983382957,-0.16455103429975584,0.39479479479479485,0.5,0.5,0.5
0.07909653017071863,-0.16203006522306887,0.3951451451451452,0.5,0.5,0.5
0.08409360454716171,-0.15935232349742431,0.39549549549549556,0.5,0.5,0.5
0.08900056360289492,-0.15652067764115368,0.39584584584584587,0.5,0.5,0.5
0.0938126739700317,-0.15353814473016805,0.3961961961961962,0.5,0.5,0.5
0.0985253028361031,-0.15040788719993423,0.3965465465465466,0.5,0.5,0.5
0.10313392240096647,-0.14713320950751982,0.3968968968968969,0.5,0.5,0.5
0.10763411422331565,-0.14371755465720515,0.39724724724724725,0.5,0.5,0.5
0.11202157345260602,-0.14016450059331353,0.3975975975975976,0.5,0.5,0.5
0.11629211294236244,-0.13647775646401644,0.39794794794794797,0.5,0.5,0.5
0.12044166724093103,-0.13266115876001255,0.3982982982982983,0.5,0.5,0.5
0.12446629645588238,-0.12871866733208714,0.3986486486486487,0.5,0.5,0.5
0.12836218998840315,-0.12465436129167243,0.39899899899899904,0.5,0.5,0.5
0.13212567013413115,-0.12047243479865394,0.3993493493493494,0.5,0.5,0.5
0.1357531955470536,-0.11617719274075243,0.39969969969969976,0.5,0.5,0.5
0.13924136456319883,-0.11177304630893839,0.40005005005005007,0.5,0.5,0.5
0.14258691838102566,-0.10726450847340671,0.4004004004004004,0.5,0.5,0.5
0.14578674409553496,-0.10265618936475662,0.4007507507507508,0.5,0.5,0.5
0.14883787758329475,-0.09795279156509411,0.40110110110110114,0.5,0.5,0.5
0.15173750623571988,-0.09315910531385646,0.40145145145145145,0.5,0.5,0.5
0.1544829715380902,-0.08828000363325508,0.4018018018018018,0.5,0.5,0.5
0.1570717714919681,-0.08332043737827668,0.40215215215215216,0.5,0.5,0.5
0.15950156287881304,-0.07828543021628458,0.4025025025025025,0.5,0.5,0.5
0.16177016336277272,-0.07318007354129091,0.4028528528528529,0.5,0.5,0.5
0.16387555343077634,-0.06800952132805961,0.40320320320320324,0.5,0.5,0.5
0.16581587816822924,-0.06277898493123282,0.4035535535535536,0.5,0.5,0.5
0.16758944886877516,-0.05749372783472151,0.40390390390390396,0.5,0.5,0.5
0.1691947444767496,-0.05215906035666254,0.4042542542542543,0.5,0.5,0.5
0.1706304128611298,-0.04678033431524977,0.4046046046046046,0.5,0.5,0.5
0.17189527191994308,-0.04136293766081469,0.404954954954955,0.5,0.5,0.5
0.17298831051427685,-0.03591228907952117,0.40530530530530534,0.5,0.5,0.5
0.17390868923119462,-0.03043383257409315,0.40565565565565564,0.5,0.5,0.5
0.1746557409750404,-0.02493303202698844,0.406006006006006,0.5,0.5,0.5
0.17522897138678284,-0.019415365751441534,0.40635635635635636,0.5,0.5,0.5
0.17562805909122003,-0.013886321035824583,0.4067067067067067,0.5,0.5,0.5
0.17585285577204246,-0.00835138868674077,0.4070570570570571,0.5,0.5,0.5
0.17590338607491723,-0.002816057576292088,0.40740740740740744,0.5,0.5,0.5
0.17577984733893198,0.0027141908010698524,0.4077577577577578,0.5,0.5,0.5
0.1754826091569046,0.00823388775671847,0.40810810810810816,0.5,0.5,0.5
0.17501221276523604,0.01373758281566135,0.4084584584584585,0.5,0.5,0.5
0.17436937026415048,0.01921984909865558,0.4088088088088089,0.5,0.5,0.5
0.17355496366933743,0.02467528867329481,0.4091591591591592,0.5,0.5,0.5
0.17257004379617297,0.03009853786881089,0.40950950950950954,0.5,0.5,0.5
0.17141582897786614,0.03548427254934187,0.4098598598598599,0.5,0.5,0.5
0.17009370361903728,0.04082721334048819,0.4102102102102102,0.5,0.5,0.5
0.16860521658639685,0.046122130804032824,0.41056056056056056,0.5,0.5,0.5
0.1669520794383563,0.0513638505557383,0.4109109109109109,0.5,0.5,0.5
0.1651361644955537,0.05654725832123141,0.4112612612612613,0.5,0.5,0.5
0.16315950275444183,0.061667304925017055,0.41161161161161164,0.5,0.5,0.5
0.1610242816462278,0.06671901120777357,0.411961961961962,0.5,0.5,0.5
0.15873284264361645,0.07169747286712735,0.41231231231231236,0.5,0.5,0.5
0.1562876787179488,0.07659786521720759,0.4126626626626627,0.5,0.5,0.5
0.15369143164947313,0.08141544786236944,0.4130130130130131,0.5,0.5,0.5
0.15094688919363655,0.086145569280546,0.4133633633633634,0.5,0.5,0.5
0.14805698210640947,0.09078367131181704,0.41371371371371374,0.5,0.5,0.5
0.14502478103181002,0.09532529354784845,0.4140640640640641,0.5,0.5,0.5
0.1418534932549079,0.099766077617995,0.41441441441441446,0.5,0.5,0.5
0.1385464593237355,0.10410177136793823,0.41476476476476476,0.5,0.5,0.5
0.13510714954364667,0.1083282329268622,0.4151151151151151,0.5,0.5,0.5
0.13153916034778756,0.11244143465928642,0.4154654654654655,0.5,0.5,0.5
0.12784621054747194,0.11643746699777793,0.41581581581581584,0.5,0.5,0.5
0.1240321374663495,0.12031254215291604,0.4161661661661662,0.5,0.5,0.5
0.12010089296238811,0.12406299769698037,0.41651651651651656,0.5,0.5,0.5
0.11605653934177265,0.1276853000179925,0.4168668668668669,0.5,0.5,0.5
0.11190324516894784,0.13117604764085034,0.4172172172172173,0.5,0.5,0.5
0.10764528097711491,0.1345319744124468,0.41756756756756763,0.5,0.5,0.5
0.10328701488358528,0.13774995254780356,0.41791791791791794,0.5,0.5,0.5
0.09883290811449766,0.14082699553437927,0.4182682682682683,0.5,0.5,0.5
0.09428751044346462,0.14376026089187846,0.41861861861861865,0.5,0.5,0.5
0.08965545554881899,0.14654705278501384,0.41896896896896896,0.5,0.5,0.5
0.08494145629418855,0.14918482448683812,0.4193193193193193,0.5,0.5,0.5
0.08015029993719643,0.151671180690413,0.4196696696696697,0.5,0.5,0.5
0.07528684327116757,0.1540038796667253,0.42002002002002004,0.5,0.5,0.5
0.07035600770475209,0.15618083526693466,0.4203703703703704,0.5,0.5,0.5
0.06536277428446469,0.1582001187671757,0.42072072072072075,0.5,0.5,0.5
0.06031217866515482,0.16005996055431398,0.4210710710710711,0.5,0.5,0.5
0.05520930603349764,0.1617587516512022,0.42142142142142147,0.5,0.5,0.5
0.05005928598961628,0.16329504508015236,0.42177177177177183,0.5,0.5,0.5
0.04486728739197967,0.16466755706350306,0.4221221221221222,0.5,0.5,0.5
0.03963851317076971,0.1658751680603172,0.4224724724724725,0.5,0.5,0.5
0.03437819511490329,0.1669169236384211,0.42282282282282285,0.5,0.5,0.5
0.029091588637949962,0.16779203518114955,0.4231731731731732,0.5,0.5,0.5
0.023783967528162718,0.1684998804283373,0.4235235235235235,0.5,0.5,0.5
0.01846061868788057,0.16904000385125428,0.4238738738738739,0.5,0.5,0.5
0.013126836867544156,0.16941211686135346,0.42422422422422423,0.5,0.5,0.5
0.007787919399563224,0.1696160978528642,0.4245745745745746,0.5,0.5,0.5
0.002449160937288452,0.16965199207942738,0.42492492492492495,0.5,0.5,0.5
-0.0028841517957061027,0.1695200113651376,0.4252752752752753,0.5,0.5,0.5
-0.008206745240803632,0.16922053365051684,0.42562562562562567,0.5,0.5,0.5
-0.013513364218822745,0.16875410237411287,0.42597597597597603,0.5,0.5,0.5
-0.018798777118622094,0.16812142569057442,0.4263263263263264,0.5,0.5,0.5
-0.02405778105471466,0.16732337552621904,0.42667667667667675,0.5,0.5,0.5
-0.029285206988812994,0.16636098647326747,0.42702702702702705,0.5,0.5,0.5
-0.034475924810249144,0.1652354545240816,0.4273773773773774,0.5,0.5,0.5
-0.039624848370294015,0.16394813564689398,0.42772772772772777,0.5,0.5,0.5
-0.044726940465421215,0.16250054420467963,0.4280780780780781,0.5,0.5,0.5
-0.04977721776463942,0.16089435121896958,0.42842842842842843,0.5,0.5,0.5
-0.054770755676079655,0.15913138248055797,0.4287787787787788,0.5,0.5,0.5
-0.05970269314807131,0.15721361650920865,0.42912912912912915,0.5,0.5,0.5
-0.06456823740004478,0.15514318236460628,0.4294794794794795,0.5,0.5,0.5
-0.06936266857863971,0.15292235731095177,0.42982982982982987,0.5,0.5,0.5
-0.07408134433451434,0.150553564337734,0.4301801801801802,0.5,0.5,0.5
-0.07871970431540554,0.1480393695393579,0.4305305305305306,0.5,0.5,0.5
-0.08327327457109872,0.14538247935644127,0.43088088088088095,0.5,0.5,0.5
-0.08773767186606041,0.14258573768172358,0.43123123123123125,0.5,0.5,0.5
-0.0921086078955658,0.13965212283367082,0.4315815815815816,0.5,0.5,0.5
-0.0963818934012853,0.13658474440097215,0.43193193193193197,0.5,0.5,0.5
-0.10055344218236782,0.1333868399612666,0.4322822822822823,0.5,0.5,0.5
-0.10461927499819931,0.13006177167753824,0.43263263263263263,0.5,0.5,0.5
-0.10857552335910198,0.12661302277575373,0.432982982982983,0.5,0.5,0.5
-0.11241843320137286,0.1230441939074179,0.43333333333333335,0.5,0.5,0.5
-0.11614436844318125,0.119358999400831,0.4336836836836837,0.5,0.5,0.5
-0.11974981441795146,0.11556126340495027,0.43403403403403407,0.5,0.5,0.5
-0.12323138118201024,0.11165491592983798,0.4343843843843844,0.5,0.5,0.5
-0.1265858066933803,0.10764398878780045,0.4347347347347348,0.5,0.5,0.5
-0.12980995985876076,0.1035326114393895,0.43508508508508514,0.5,0.5,0.5
-0.13290084344584813,0.09932500674854977,0.4354354354354355,0.5,0.5,0.5
-0.13585559685830392,0.09502548665126509,0.4357857857857858,0.5,0.5,0.5
-0.13867149877081528,0.09063844774213584,0.43613613613613617,0.5,0.5,0.5
-0.1413459696218249,0.08616836678341121,0.4364864864864865,0.5,0.5,0.5
-0.14387657396167314,0.08161979614104443,0.43683683683683683,0.5,0.5,0.5
-0.14626102265401875,0.0769973591524348,0.4371871871871872,0.5,0.5,0.5
-0.14849717492857753,0.07230574543055153,0.43753753753753755,0.5,0.5,0.5
-0.15058304028334785,0.0675497061092174,0.4378878878878879,0.5,0.5,0.5
-0.15251678023465942,0.06273404903436587,0.43823823823823826,0.5,0.5,0.5
-0.15429670991353142,0.05786363390613005,0.4385885885885886,0.5,0.5,0.5
-0.15592129950697559,0.05294336737668358,0.438938938938939,0.5,0.5,0.5
-0.15738917554304763,0.047978198108760174,0.43928928928928934,0.5,0.5,0.5
-0.15869912201859607,0.04297311179984017,0.4396396396396397,0.5,0.5,0.5
-0.1598500813688236,0.03793312617700082,0.43998998998999006,0.5,0.5,0.5
-0.16084115527793377,0.03286328596744775,0.44034034034034036,0.5,0.5,0.5
-0.16167160533029012,0.02776865784978237,0.4406906906906907,0.5,0.5,0.5
-0.16234085350168292,0.02265432539103948,0.4410410410410411,0.5,0.5,0.5
-0.16284848249044956,0.017525383974572067,0.4413913913913914,0.5,0.5,0.5
-0.16319423588836288,0.012386935723825869,0.44174174174174174,0.5,0.5,0.5
-0.16337801819135425,0.007244084427074845,0.4420920920920921,0.5,0.5,0.5
-0.16339989465030322,0.0021019304681602954,0.44244244244244246,0.5,0.5,0.5
-0.16326009096228145,-0.0030344342317374204,0.4427927927927928,0.5,0.5,0.5
-0.16295899280279705,-0.00815993125626364,0.4431431431431432,0.5,0.5,0.5
-0.16249714519974476,-0.01326950071501571,0.44349349349349354,0.5,0.5,0.5
-0.1618752517499227,-0.018358106238647864,0.4438438438438439,0.5,0.5,0.5
-0.1610941736791317,-0.02342073994304142,0.44419419419419426,0.5,0.5,0.5
-0.1601549287470286,-0.028452427357632946,0.4445445445445446,0.5,0.5,0.5
-0.15905868999805778,-0.033448232313056256,0.4448948948948949,0.5,0.5,0.5
-0.1578067843599341,-0.03840326178330173,0.4452452452452453,0.5,0.5,0.5
-0.15640069109130486,-0.0433126706776292,0.44559559559559564,0.5,0.5,0.5
-0.15484204008036007,-0.048171666577559405,0.44594594594594594,0.5,0.5,0.5
-0.15313260999631298,-0.052975514414295446,0.4462962962962963,0.5,0.5,0.5
-0.15127432629580906,-0.057719541082027,0.44664664664664666,0.5,0.5,0.5
-0.1492692590864705,-0.06239913998260988,0.446996996996997,0.5,0.5,0.5
-0.14711962084991712,-0.06700977549720791,0.4473473473473474,0.5,0.5,0.5
-0.14482776402674077,-0.07154698738056334,0.44769769769769774,0.5,0.5,0.5
-0.14239617846605165,-0.07600639507362703,0.4480480480480481,0.5,0.5,0.5
-0.1398274887423324,-0.08038370193039628,0.44839839839839846,0.5,0.5,0.5
-0.13712445134247897,-0.0846746993548715,0.4487487487487488,0.5,0.5,0.5
-0.13428995172602204,-0.08887527084415649,0.4490990990990991,0.5,0.5,0.5
-0.131327001261645,-0.09298139593382648,0.4494494494494495,0.5,0.5,0.5
-0.12823873404324274,-0.09698915404177441,0.44979979979979984,0.5,0.5,0.5
-0.1250284035888643,-0.10089472820687918,0.4501501501501502,0.5,0.5,0.5
-0.12169937942601322,-0.10469440871892094,0.45050050050050056,0.5,0.5,0.5
-0.11825514356686764,-0.10838459663631098,0.45085085085085086,0.5,0.5,0.5
-0.11469928687710439,-0.11196180718829528,0.4512012012012012,0.5,0.5,0.5
-0.11103550534210054,-0.11542267305842695,0.4515515515515516,0.5,0.5,0.5
-0.10726759623438148,-0.11876394754622549,0.45190190190190194,0.5,0.5,0.5
-0.10339945418629094,-0.1219825076040521,0.4522522522522523,0.5,0.5,0.5
-0.09943506717192438,-0.12507535674638265,0.45260260260260265,0.5,0.5,0.5
-0.0953785124024776,-0.1280396278287655,0.45295295295295296,0.5,0.5,0.5
-0.09123395213921544,-0.13087258569391047,0.4533033033033033,0.5,0.5,0.5
-0.08700562942836483,-0.13357162968246947,0.4536536536536537,0.5,0.5,0.5
-0.08269786376229415,-0.1361342960062222,0.45400400400400404,0.5,0.5,0.5
-0.07831504667140485,-0.1385582599815191,0.4543543543543544,0.5,0.5,0.5
-0.07386163725124217,-0.14084133812096578,0.45470470470470475,0.5,0.5,0.5
-0.06934215762936173,-0.14298149008149502,0.4550550550550551,0.5,0.5,0.5
-0.06476118837657244,-0.1449768204670991,0.4554054054054054,0.5,0.5,0.5
-0.0601233638671939,-0.14682558048466135,0.4557557557557558,0.5,0.5,0.5
-0.05543336759303775,-0.1485261694514578,0.45610610610610614,0.5,0.5,0.5
-0.050695927435843974,-0.15007713615306217,0.4564564564564565,0.5,0.5,0.5
-0.04591581090293689,-0.15147718005053384,0.45680680680680685,0.5,0.5,0.5
-0.04109782033091343,-0.1527251523359166,0.4571571571571572,0.5,0.5,0.5
-0.03624678806217103,-0.15382005683523775,0.4575075075075075,0.5,0.5,0.5
-0.03136757159913599,-0.15476105075833974,0.4578578578578579,0.5,0.5,0.5
-0.02646504874103382,-0.1555474452950402,0.45820820820820823,0.5,0.5,0.5
-0.02154411270808315,-0.1561787060572618,0.4585585585585586,0.5,0.5,0.5
-0.016609667257981412,-0.15665445336693287,0.45890890890890895,0.5,0.5,0.5
-0.011666621799549848,-0.1569744623896123,0.4592592592592593,0.5,0.5,0.5
-0.006719886508420532,-0.15713866311394367,0.4596096096096096,0.5,0.5,0.5
-0.0017743674496079746,-0.157147140177202,0.45995995995996,0.5,0.5,0.5
0.003165038288176085,-0.15700013253734382,0.46031031031031033,0.5,0.5,0.5
0.008093447441644601,-0.15669803299212817,0.4606606606606607,0.5,0.5,0.5
0.013005995400697848,-0.1562413875460253,0.46101101101101105,0.5,0.5,0.5
0.017897841010039904,-0.15563089462578095,0.4613613613613614,0.5,0.5,0.5
0.022764171339926875,-0.15486740414565392,0.46171171171171177,0.5,0.5,0.5
0.027600206421327687,-0.15395191642349268,0.4620620620620621,0.5,0.5,0.5
0.032401203940856195,-0.1528855809489633,0.46241241241241243,0.5,0.5,0.5
0.03716246389084949,-0.15166969500538707,0.4627627627627628,0.5,0.5,0.5
0.041879333170038766,-0.1503057021467897,0.46311311311311315,0.5,0.5,0.5
0.046547210130315035,-0.1487951905319036,0.4634634634634635,0.5,0.5,0.5
0.051161549065134045,-0.14713989111701,0.46381381381381387,0.5,0.5,0.5
0.05571786463519996,-0.145341675709638,0.4641641641641642,0.5,0.5,0.5
0.06021173622710292,-0.14340255488528114,0.46451451451451453,0.5,0.5,0.5
0.06463881224069262,-0.14132467576941715,0.4648648648648649,0.5,0.5,0.5
0.0689948143010184,-0.13911031968725535,0.46521521521521525,0.5,0.5,0.5
0.07327554139076604,-0.1367618996837584,0.4655655655655656,0.5,0.5,0.5
0.07747687389920732,-0.13428195791661043,0.46591591591591597,0.5,0.5,0.5
0.0815947775837497,-0.1316731629249334,0.4662662662662663,0.5,0.5,0.5
0.0856253074402953,-0.1289383067766598,0.46661661661661663,0.5,0.5,0.5
0.0895646114786839,-0.1260803020976033,0.466966966966967,0.5,0.5,0.5
0.09340893439962537,-0.1231021789853625,0.46731731731731735,0.5,0.5,0.5
0.0971546211696048,-0.12000708181132244,0.4676676676676677,0.5,0.5,0.5
0.10079812049036684,-0.11679826591411084,0.46801801801801807,0.5,0.5,0.5
0.10433598815969578,-0.1134790941879717,0.4683683683683684,0.5,0.5,0.5
0.10776489032030687,-0.11005303356962817,0.46871871871871873,0.5,0.5,0.5
0.11108160659380417,-0.10652365142728358,0.4690690690690691,0.5,0.5,0.5
0.11428303309675382,-0.1028946118555236,0.46941941941941945,0.5,0.5,0.5
0.11736618533606907,-0.09916967187994748,0.4697697697697698,0.5,0.5,0.5
0.12032820098100629,-0.09535267757546065,0.47012012012012017,0.5,0.5,0.5
0.12316634250921209,-0.09144756010222897,0.4704704704704705,0.5,0.5,0.5
0.12587799972439043,-0.08745833166336801,0.47082082082082083,0.5,0.5,0.5
0.1284606921432791,-0.08338908138852981,0.4711711711711712,0.5,0.5,0.5
0.13091207124977713,-0.07924397114759081,0.47152152152152155,0.5,0.5,0.5
0.1332299226141819,-0.07502723129873343,0.4718718718718719,0.5,0.5,0.5
0.13541216787564586,-0.07074315637525622,0.47222222222222227,0.5,0.5,0.5
0.13745686658609826,-0.06639610071550134,0.4725725725725726,0.5,0.5,0.5
0.13936221791401268,-0.061990474040354814,0.472922922922923,0.5,0.5,0.5
0.14112656220655442,-0.05753073698279304,0.4732732732732733,0.5,0.5,0.5
0.14274838240877274,-0.05302139657402061,0.47362362362362365,0.5,0.5,0.5
0.1442263053386606,-0.04846700169074945,0.473973973973974,0.5,0.5,0.5
0.14555910281703785,-0.043872138468228544,0.47432432432432436,0.5,0.5,0.5
0.14674569265136939,-0.039241425683642875,0.4746746746746747,0.5,0.5,0.5
0.14778513947277372,-0.03457951011452241,0.4750250250250251,0.5,0.5,0.5
0.14867665542562153,-0.029891061876837044,0.4753753753753754,0.5,0.5,0.5
0.14941960070927998,-0.025180769747437843,0.47572572572572575,0.5,0.5,0.5
0.1500134839716963,-0.020453336475545356,0.4760760760760761,0.5,0.5,0.5
0.15045796255467297,-0.01571347408795652,0.47642642642642646,0.5,0.5,0.5
0.15075284259082597,-0.010965899192669574,0.4767767767767768,0.5,0.5,0.5
0.1508980789523713,-0.006215328285602476,0.4771271271271272,0.5,0.5,0.5
0.15089377505203105,-0.001466473065069103,0.4774774774774775,0.5,0.5,0.5
0.150740182496495,0.0032759642413186054,0.47782782782782784,0.5,0.5,0.5
0.15043770059302394,0.008007295532704406,0.4781781781781782,0.5,0.5,0.5
0.14998687570992333,0.012722851469369979,0.47852852852852856,0.5,0.5,0.5
0.14938840049176172,0.017417986080880903,0.4788788788788789,0.5,0.5,0.5
0.14864311293035257,0.022088081343435297,0.4792292292292293,0.5,0.5,0.5
0.14775199529265848,0.02672855172191077,0.47957957957957964,0.5,0.5,0.5
0.1467161729069191,0.03133484867214788,0.47992992992992994,0.5,0.5,0.5
0.14553691280844355,0.03590246509903636,0.4802802802802803,0.5,0.5,0.5
0.14421562224664358,0.040426939766051086,0.48063063063063066,0.5,0.5,0.5
0.14275384705502314,0.04490386165191088,0.480980980980981,0.5,0.5,0.5
0.14115326988597116,0.04932887425011163,0.4813313313313314,0.5,0.5,0.5
0.13941570831233535,0.05369767980714888,0.48168168168168174,0.5,0.5,0.5
0.1375431127978904,0.05800604349529504,0.48203203203203204,0.5,0.5,0.5
0.13553756453893134,0.0622497975158968,0.4823823823823824,0.5,0.5,0.5
0.13340127317936032,0.06642484512920276,0.48273273273273276,0.5,0.5,0.5
0.13113657440174323,0.07052716460684191,0.4830830830830831,0.5,0.5,0.5
0.12874592739694626,0.07455281310313012,0.4834334334334335,0.5,0.5,0.5
0.1262319122150698,0.07849793044148551,0.48378378378378384,0.5,0.5,0.5
0.12359722700051178,0.08235874281232447,0.48413413413413414,0.5,0.5,0.5
0.12084468511411237,0.08613156637888808,0.4844844844844845,0.5,0.5,0.5
0.11797721214542486,0.08981281078757189,0.48483483483483486,0.5,0.5,0.5
0.11499784281827971,0.09339898257940439,0.4851851851851852,0.5,0.5,0.5
0.11190971779289137,0.09688668849945184,0.4855355355355356,0.5,0.5,0.5
0.10871608036787318,0.10027263870100941,0.48588588588588594,0.5,0.5,0.5
0.1054202730856082,0.10355364984156441,0.4862362362362363,0.5,0.5,0.5
0.10202573424451492,0.10672664806762899,0.4865865865865866,0.5,0.5,0.5
0.09853599432184584,0.10978867188564276,0.48693693693693696,0.5,0.5,0.5
0.09495467231072029,0.1127368749162847,0.4872872872872873,0.5,0.5,0.5
0.09128547197519521,0.11556852852963105,0.4876376376376377,0.5,0.5,0.5
0.08753217802723035,0.11828102435874249,0.48798798798798804,0.5,0.5,0.5
0.08369865222949587,0.1208718766893682,0.4883383383383384,0.5,0.5,0.5
0.07978882942802622,0.12333872472359557,0.4886886886886887,0.5,0.5,0.5
0.07580671351878504,0.12567933471540144,0.48903903903903906,0.5,0.5,0.5
0.0717563733522819,0.1278916019761828,0.4893893893893894,0.5,0.5,0.5
0.06764193858041127,0.12997355274849404,0.4897397397397398,0.5,0.5,0.5
0.06346759544976338,0.13192334594633354,0.49009009009009014,0.5,0.5,0.5
0.05923758254567411,0.13373927476047665,0.4904404404404405,0.5,0.5,0.5
0.05495618649134905,0.13541976812747378,0.49079079079079085,0.5,0.5,0.5
0.050627737606418595,0.1369633920610799,0.49114114114114116,0.5,0.5,0.5
0.04625660552931346,0.1383688508450207,0.4914914914914915,0.5,0.5,0.5
0.041847194807896226,0.1396349880861333,0.4918418418418419,0.5,0.5,0.5
0.0374039404627819,0.14076078762707195,0.49219219219219223,0.5,0.5,0.5
0.03293130352782729,0.14174537431789916,0.4925425425425426,0.5,0.5,0.5
0.02843376657226726,0.14258801464603252,0.49289289289289295,0.5,0.5,0.5
0.02391582920898648,0.1432881172241577,0.49324324324324326,0.5,0.5,0.5
0.019382003593439518,0.14384523313585731,0.4935935935935936,0.5,0.5,0.5
0.014836809917705444,0.14425905613885348,0.493943943943944,0.5,0.5,0.5
0.010284771904192577,0.14452942272589817,0.49429429429429433,0.5,0.5,0.5
0.005730412303469664,0.1446563120434929,0.4946446446446447,0.5,0.5,0.5
0.0011782484007168653,0.14463984566875665,0.49499499499499505,0.5,0.5,0.5
-0.0033672124647441772,0.14448028724490433,0.49534534534534536,0.5,0.5,0.5
-0.007901477362402392,0.14417804197593806,0.4956956956956957,0.5,0.5,0.5
-0.012420072211559633,0.14373365598129256,0.4960460460460461,0.5,0.5,0.5
-0.01691854619600957,0.14314781551131434,0.49639639639639643,0.5,0.5,0.5
-0.02139247614802064,0.14242134602459328,0.4967467467467468,0.5,0.5,0.5
-0.0258374708973209,0.14155521112829894,0.49709709709709715,0.5,0.5,0.5
-0.030249175580795998,0.14055051138281172,0.4974474474474475,0.5,0.5,0.5
-0.03462327590867603,0.13940848297206945,0.4977977977977978,0.5,0.5,0.5
-0.038955502383037216,0.13813049624118323,0.4981481481481482,0.5,0.5,0.5
-0.04324163446448158,0.1367180541030066,0.49849849849849853,0.5,0.5,0.5
-0.04747750468294456,0.13517279031546794,0.4988488488488489,0.5,0.5,0.5
-0.051659002688611615,0.13349646763160583,0.49919919919919925,0.5,0.5,0.5
-0.05578207923902259,0.13169097582436515,0.4995495495495496,0.5,0.5,0.5
-0.0598427501184856,0.1297583295883399,0.4998998998998999,0.5,0.5,0.5
-0.06383709998601343,0.12770066632076355,0.5002502502502503,0.5,0.5,0.5
-0.0677612861480727,0.1255202437841628,0.5006006006006006,0.5,0.5,0.5
-0.07161154225250155,0.12321943765321319,0.500950950950951,0.5,0.5,0.5
-0.07538418190006144,0.12080073894843314,0.5013013013013013,0.5,0.5,0.5
-0.0790756021701521,0.11826675135947505,0.5016516516516517,0.5,0.5,0.5
-0.08268228705732596,0.11562018846086913,0.502002002002002,0.5,0.5,0.5
-0.08620081081533312,0.11286387082317731,0.5023523523523523,0.5,0.5,0.5
-0.08962784120551048,0.11000072302262442,0.5027027027027027,0.5,0.5,0.5
-0.09296014264645353,0.10703377055235351,0.503053053053053,0.5,0.5,0.5
-0.09619457926198717,0.10396613663856372,0.5034034034034034,0.5,0.5,0.5
-0.09932811782458337,0.10080103896485981,0.5037537537537538,0.5,0.5,0.5
-0.10235783059146135,0.097541786308245,0.5041041041041041,0.5,0.5,0.5
-0.1052808980307314,0.09419177509026136,0.5044544544544545,0.5,0.5,0.5
-0.10809461143505646,0.09075448584685875,0.5048048048048048,0.5,0.5,0.5
-0.11079637542041149,0.08723347962066243,0.5051551551551552,0.5,0.5,0.5
-0.11338371030765731,0.08363239427935909,0.5055055055055055,0.5,0.5,0.5
-0.11585425438474695,0.0799549407640127,0.5058558558558559,0.5,0.5,0.5
-0.11820576604752428,0.07620489927116086,0.5062062062062063,0.5,0.5,0.5
-0.12043612581718326,0.07238611537262295,0.5065565565565566,0.5,0.5,0.5
-0.12254333823259267,0.0685024960769942,0.506906906906907,0.5,0.5,0.5
-0.12452553361581892,0.06455800583685017,0.5072572572572573,0.5,0.5,0.5
-0.12638096970930007,0.06055666250574822,0.5076076076076077,0.5,0.5,0.5
-0.12810803318326913,0.056502533249132195,0.5079579579579581,0.5,0.5,0.5
-0.12970524101214143,0.05239973041331242,0.5083083083083084,0.5,0.5,0.5
-0.13117124171872846,0.04825240735670024,0.5086586586586587,0.5,0.5,0.5
-0.13250481648526238,0.0440647542475317,0.509009009009009,0.5,0.5,0.5
-0.13370488013035756,0.039840993832325554,0.5093593593593594,0.5,0.5,0.5
-0.13477048195117047,0.03558537717934236,0.5097097097097097,0.5,0.5,0.5
-0.13570080643014923,0.03130217940134529,0.5100600600600601,0.5,0.5,0.5
-0.13649517380590967,0.02699569536195054,0.5104104104104105,0.5,0.5,0.5
-0.13715304050790164,0.02267023536989364,0.5107607607607608,0.5,0.5,0.5
-0.13767399945467487,0.01833012086551275,0.5111111111111111,0.5,0.5,0.5
-0.1380577802156825,0.013979680103777013,0.5114614614614614,0.5,0.5,0.5
-0.1383042490367024,0.00962324383816726,0.5118118118118118,0.5,0.5,0.5
-0.13841340872909022,0.0052651410097079,0.5121621621621621,0.5,0.5,0.5
-0.1383853984232128,0.0009096944454532492,0.5125125125125125,0.5,0.5,0.5
-0.13822049318654867,-0.0034387834293121596,0.5128628628628629,0.5,0.5,0.5
-0.1379191035070729,-0.007775994860894075,0.5132132132132132,0.5,0.5,0.5
-0.13748177464268094,-0.012097661014807082,0.5135635635635636,0.5,0.5,0.5
-0.13690918583753506,-0.016399526196998047,0.513913913913914,0.5,0.5,0.5
-0.1362021494063512,-0.020677362044497837,0.5142642642642643,0.5,0.5,0.5
-0.13536160968777236,-0.024926971681389968,0.5146146146146147,0.5,0.5,0.5
-0.1343886418681051,-0.0291441938359959,0.514964964964965,0.5,0.5,0.5
-0.13328445067682035,-0.03332490691525328,0.5153153153153154,0.5,0.5,0.5
-0.13205036895534894,-0.03746503303228609,0.5156656656656657,0.5,0.5,0.5
-0.13068785610082367,-0.041560541983236575,0.5160160160160161,0.5,0.5,0.5
-0.12919849638654105,-0.04560745516948589,0.5163663663663665,0.5,0.5,0.5
-0.12758399716104063,-0.0496018494614358,0.5167167167167168,0.5,0.5,0.5
-0.12584618692780988,-0.05353986100011473,0.5170670670670672,0.5,0.5,0.5
-0.12398701330774821,-0.057417688932911076,0.5174174174174175,0.5,0.5,0.5
-0.12200854088662613,-0.06123159907983801,0.5177677677677678,0.5,0.5,0.5
-0.1199129489498972,-0.06497792752678426,0.5181181181181181,0.5,0.5,0.5
-0.1177025291073217,-0.06865308414230047,0.5184684684684685,0.5,0.5,0.5
-0.11537968280996658,-0.07225355601455259,0.5188188188188189,0.5,0.5,0.5
-0.11294691876225747,-0.07577591080514552,0.5191691691691692,0.5,0.5,0.5
-0.11040685023184492,-0.07921680001663138,0.5195195195195196,0.5,0.5,0.5
-0.1077621922601606,-0.08257296217058405,0.5198698698698698,0.5,0.5,0.5
-0.10501575877661636,-0.08584122589324104,0.5202202202202202,0.5,0.5,0.5
-0.1021704596195054,-0.0890185129057894,0.5205705705705705,0.5,0.5,0.5
-0.0992292974667433,-0.0921018409164871,0.5209209209209209,0.5,0.5,0.5
-0.09619536467967006,-0.09508832641191364,0.5212712712712713,0.5,0.5,0.5
-0.09307184006322752,-0.0979751873447366,0.5216216216216216,0.5,0.5,0.5
-0.08986198554588577,-0.10075974571550894,0.521971971971972,0.5,0.5,0.5
-0.08656914278278434,-0.10343943004610254,0.5223223223223223,0.5,0.5,0.5
-0.08319672968561398,-0.10601177774250861,0.5226726726726727,0.5,0.5,0.5
-0.07974823688282985,-0.10847443734484924,0.5230230230230231,0.5,0.5,0.5
-0.07622722411386443,-0.11082517066255083,0.5233733733733734,0.5,0.5,0.5
-0.07263731656104619,-0.11306185479276526,0.5237237237237238,0.5,0.5,0.5
-0.06898220112300986,-0.11518248402022593,0.5240740740740741,0.5,0.5,0.5
-0.06526562263341157,-0.11718517159686631,0.5244244244244245,0.5,0.5,0.5
-0.06149138002883167,-0.11906815139963525,0.5247747747747749,0.5,0.5,0.5
-0.05766332246977862,-0.12082977946507899,0.5251251251251252,0.5,0.5,0.5
-0.05378534541874617,-0.12246853539938321,0.5254754754754756,0.5,0.5,0.5
-0.04986138667932704,-0.12398302366268876,0.5258258258258259,0.5,0.5,0.5
-0.045895422400394424,-0.12537197472663444,0.5261761761761763,0.5,0.5,0.5
-0.04189146304941701,-0.12663424610419557,0.5265265265265265,0.5,0.5,0.5
-0.037853549358969674,-0.12776882325102906,0.5268768768768769,0.5,0.5,0.5
-0.033785748250545936,-0.12877482033765486,0.5272272272272273,0.5,0.5,0.5
-0.02969214873977797,-0.12965148089194053,0.5275775775775776,0.5,0.5,0.5
-0.025576857827181356,-0.1303981783114861,0.527927927927928,0.5,0.5,0.5
-0.02144399637856425,-0.1310144162456316,0.5282782782782783,0.5,0.5,0.5
-0.017297694999218356,-0.13149982884694908,0.5286286286286287,0.5,0.5,0.5
-0.013142089906036514,-0.13185418089220308,0.5289789789789789,0.5,0.5,0.5
-0.008981318801667165,-0.1320773677729009,0.5293293293293293,0.5,0.5,0.5
-0.004819516754832647,-0.13216941535567986,0.5296796796796797,0.5,0.5,0.5
-0.0006608120909081254,-0.13213047971291006,0.53003003003003,0.5,0.5,0.5
0.003490677703159657,-0.13196084672402142,0.5303803803803804,0.5,0.5,0.5
0.007630850055520058,-0.13166093154818864,0.5307307307307307,0.5,0.5,0.5
0.01175562136365091,-0.1312312779691398,0.5310810810810811,0.5,0.5,0.5
0.015860931022134137,-0.1306725576129765,0.5314314314314315,0.5,0.5,0.5
0.019942745420016433,-0.12998556904002173,0.5317817817817818,0.5,0.5,0.5
0.0239970619038083,-0.1291712367118345,0.5321321321321322,0.5,0.5,0.5
0.028019912702232697,-0.12823060983465404,0.5324824824824825,0.5,0.5,0.5
0.032007368808879756,-0.12716486108065492,0.5328328328328329,0.5,0.5,0.5
0.035955543818957186,-0.1259752851885192,0.5331831831831833,0.5,0.5,0.5
0.03986059771640395,-0.12466329744494307,0.5335335335335336,0.5,0.5,0.5
0.04371874060766638,-0.12323043204881837,0.533883883883884,0.5,0.5,0.5
0.047526236398511855,-0.12167834035993842,0.5342342342342343,0.5,0.5,0.5
0.05127940641031851,-0.12000878903419077,0.5345845845845847,0.5,0.5,0.5
0.05497463293233151,-0.1182236580473134,0.534934934934935,0.5,0.5,0.5
0.05860836270647099,-0.1163249386093904,0.5352852852852854,0.5,0.5,0.5
0.06217711034132365,-0.11431473097237935,0.5356356356356357,0.5,0.5,0.5
0.06567746165205368,-0.11219524213305301,0.535985985985986,0.5,0.5,0.5
0.06910607692302524,-0.10996878343384972,0.5363363363363364,0.5,0.5,0.5
0.07245969409002691,-0.10763776806421747,0.5366866866866867,0.5,0.5,0.5
0.07573513183907377,-0.10520470846513036,0.5370370370370371,0.5,0.5,0.5
0.07892929261883913,-0.10267221363955732,0.5373873873873874,0.5,0.5,0.5
0.08203916556388043,-0.10004298637173721,0.5377377377377377,0.5,0.5,0.5
0.08506182932589497,-0.09731982035821747,0.5380880880880881,0.5,0.5,0.5
0.08799445481036193,-0.09450559725367848,0.5384384384384384,0.5,0.5,0.5
0.09083430781600532,-0.09160328363466172,0.5387887887887888,0.5,0.5,0.5
0.09357875157462853,-0.08861592788438599,0.5391391391391391,0.5,0.5,0.5
0.09622524918897371,-0.08554665700190847,0.5394894894894895,0.5,0.5,0.5
0.09877136596635505,-0.08239867333896839,0.5398398398398399,0.5,0.5,0.5
0.10121477164594105,-0.07917525126789904,0.5401901901901902,0.5,0.5,0.5
0.10355324251765186,-0.07587973378407753,0.5405405405405406,0.5,0.5,0.5
0.10578466343076905,-0.07251552904641895,0.5408908908908909,0.5,0.5,0.5
0.10790702969045234,-0.06908610685949712,0.5412412412412413,0.5,0.5,0.5
0.10991844884048373,-0.06559499510091263,0.5415915915915916,0.5,0.5,0.5
0.1118171423306763,-0.06204577609757757,0.541941941941942,0.5,0.5,0.5
0.1136014470674938,-0.05844208295464307,0.5422922922922924,0.5,0.5,0.5
0.11526981684656154,-0.054787595840815426,0.5426426426426427,0.5,0.5,0.5
0.1168208236658539,-0.05108603823386702,0.5429929929929931,0.5,0.5,0.5
0.11825315891848022,-0.04734117313015667,0.5433433433433434,0.5,0.5,0.5
0.11956563446410122,-0.043556799222024725,0.5436936936936938,0.5,0.5,0.5
0.12075718357813868,-0.039736747046939615,0.5440440440440442,0.5,0.5,0.5
0.12182686177806469,-0.03588487511229275,0.5443943943943944,0.5,0.5,0.5
0.1227738475261751,-0.032005065999770856,0.5447447447447448,0.5,0.5,0.5
0.1235974428083854,-0.02810122245322439,0.5450950950950951,0.5,0.5,0.5
0.12429707358870441,-0.02417726345398321,0.5454454454454455,0.5,0.5,0.5
0.1248722901391705,-0.020237120287561024,0.5457957957957958,0.5,0.5,0.5
0.12532276724516056,-0.016284732605690945,0.5461461461461462,0.5,0.5,0.5
0.12564830428610274,-0.012324044487647066,0.5464964964964966,0.5,0.5,0.5
0.1258488251917539,-0.008359000504775742,0.5468468468468468,0.5,0.5,0.5
0.12592437827432246,-0.004393541792177237,0.5471971971971972,0.5,0.5,0.5
0.12587513593684438,-0.00043160213143592373,0.5475475475475475,0.5,0.5,0.5
0.12570139425834134,0.003522895951696375,0.5478978978978979,0.5,0.5,0.5
0.12540357245641237,0.007466045070797322,0.5482482482482482,0.5,0.5,0.5
0.12498221222803349,0.011393956839610872,0.5485985985985986,0.5,0.5,0.5
0.12443797696945802,0.015302765706397969,0.548948948948949,0.5,0.5,0.5
0.12377165087623103,0.01918863275803388,0.5492992992992993,0.5,0.5,0.5
0.12298413792444972,0.02304774949009447,0.5496496496496497,0.5,0.5,0.5
0.12207646073451651,0.026876341539243193,0.55,0.5,0.5,0.5
